met2013,year,metarea_name,total_units,vacancy_rate,median_rent,rent_error
10420,2015,"Akron, OH",313518,0.09907884076831314,757,20
10420,2016,"Akron, OH",313633,0.09234997592727806,806,16
10420,2017,"Akron, OH",315099,0.08193297979365215,811,16
10420,2018,"Akron, OH",315526,0.09026831386319986,807,24
10420,2019,"Akron, OH",316217,0.0966677945840989,830,19
10580,2015,"Albany-Schenectady-Troy, NY",381333,0.13471952335622672,923,16
10580,2016,"Albany-Schenectady-Troy, NY",384077,0.13932102156598808,931,21
10580,2017,"Albany-Schenectady-Troy, NY",390782,0.1393820595626206,968,19
10580,2018,"Albany-Schenectady-Troy, NY",392899,0.13308509311553351,998,20
10580,2019,"Albany-Schenectady-Troy, NY",394722,0.11290477855300693,1043,25
10740,2015,"Albuquerque, NM",373902,0.09560794004846189,826,21
10740,2016,"Albuquerque, NM",375379,0.09764797711113302,836,22
10740,2017,"Albuquerque, NM",381636,0.1038476454003291,860,20
10740,2018,"Albuquerque, NM",383834,0.08051657747880595,886,21
10740,2019,"Albuquerque, NM",386129,0.09514954846696311,916,22
10900,2015,"Allentown-Bethlehem-Easton, PA-NJ",345251,0.08766665411541169,995,29
10900,2016,"Allentown-Bethlehem-Easton, PA-NJ",345674,0.08162893361953748,995,23
10900,2017,"Allentown-Bethlehem-Easton, PA-NJ",349709,0.08211970524064294,988,26
10900,2018,"Allentown-Bethlehem-Easton, PA-NJ",350538,0.0856911376227399,1063,25
10900,2019,"Allentown-Bethlehem-Easton, PA-NJ",351530,0.08314795323300998,1109,23
11100,2015,"Amarillo, TX",103381,0.10972035480407424,795,35
11100,2016,"Amarillo, TX",104095,0.11709496133339738,809,38
11100,2017,"Amarillo, TX",104739,0.10186272544133512,826,40
11100,2018,"Amarillo, TX",105417,0.09876016202320309,833,30
11100,2019,"Amarillo, TX",105947,0.10860147054659405,860,43
11260,2015,"Anchorage, AK",187047,0.15789614374996658,1210,37
11260,2016,"Anchorage, AK",187907,0.16479428653536057,1256,56
11260,2017,"Anchorage, AK",190445,0.16659402977237522,1268,63
11260,2018,"Anchorage, AK",191577,0.16546871492924517,1210,48
11260,2019,"Anchorage, AK",192769,0.1751215185014188,1213,46
11460,2015,"Ann Arbor, MI",150083,0.0798624760965599,978,25
11460,2016,"Ann Arbor, MI",149932,0.06570311874716538,997,29
11460,2017,"Ann Arbor, MI",150397,0.0642831971382408,1062,31
11460,2018,"Ann Arbor, MI",151576,0.056103868686335566,1116,34
11460,2019,"Ann Arbor, MI",152272,0.06955973521067563,1139,29
11500,2015,"Anniston-Oxford-Jacksonville, AL",53323,0.1687827016484444,711,69
11500,2016,"Anniston-Oxford-Jacksonville, AL",53337,0.1756004274706114,631,20
11500,2017,"Anniston-Oxford-Jacksonville, AL",53786,0.17251701186182278,632,26
11500,2018,"Anniston-Oxford-Jacksonville, AL",53888,0.17859263657957244,743,59
11500,2019,"Anniston-Oxford-Jacksonville, AL",53809,0.17047334089092903,769,59
11700,2015,"Asheville, NC",257619,0.1811978153785241,777,36
11700,2016,"Asheville, NC",257764,0.18478918700827113,851,27
11700,2017,"Asheville, NC",267012,0.19521594535077075,891,34
11700,2018,"Asheville, NC",269958,0.1872587587698827,871,33
11700,2019,"Asheville, NC",272642,0.18687509628010357,975,38
12060,2015,"Atlanta-Sandy Springs-Roswell, GA",2224754,0.09312849870142946,1015,9
12060,2016,"Atlanta-Sandy Springs-Roswell, GA",2250675,0.08902618103457852,1068,9
12060,2017,"Atlanta-Sandy Springs-Roswell, GA",2286980,0.08410305293443755,1115,9
12060,2018,"Atlanta-Sandy Springs-Roswell, GA",2315364,0.08242375712846879,1169,9
12060,2019,"Atlanta-Sandy Springs-Roswell, GA",2350250,0.07244420806297203,1224,13
12100,2015,"Atlantic City-Hammonton, NJ",122280,0.20709028459273798,1070,40
12100,2016,"Atlantic City-Hammonton, NJ",122635,0.24274473029722346,1037,50
12100,2017,"Atlantic City-Hammonton, NJ",122541,0.24390204094955975,1031,58
12100,2018,"Atlantic City-Hammonton, NJ",122819,0.24659051124011758,1063,65
12100,2019,"Atlantic City-Hammonton, NJ",123626,0.2102955688932749,1116,66
12220,2015,"Auburn-Opelika, AL",66385,0.1234314980793854,840,42
12220,2016,"Auburn-Opelika, AL",67173,0.11640093489943876,839,60
12220,2017,"Auburn-Opelika, AL",68921,0.1503895764716124,804,42
12220,2018,"Auburn-Opelika, AL",70335,0.15690623444942062,805,52
12220,2019,"Auburn-Opelika, AL",71228,0.09520132532150279,765,56
12260,2015,"Augusta-Richmond County, GA-SC",226687,0.15814757793786147,796,25
12260,2016,"Augusta-Richmond County, GA-SC",229972,0.13283356234672047,824,20
12260,2017,"Augusta-Richmond County, GA-SC",233728,0.17957198110624314,814,30
12260,2018,"Augusta-Richmond County, GA-SC",235561,0.17180687804857342,859,29
12260,2019,"Augusta-Richmond County, GA-SC",238228,0.19430125761875178,923,24
12420,2015,"Austin-Round Rock, TX",805946,0.08224248274698305,1131,14
12420,2016,"Austin-Round Rock, TX",827671,0.08503499578938975,1184,12
12420,2017,"Austin-Round Rock, TX",850875,0.09617158807110328,1223,16
12420,2018,"Austin-Round Rock, TX",874816,0.08463036798595362,1307,16
12420,2019,"Austin-Round Rock, TX",904532,0.07923766102249562,1327,19
12540,2015,"Bakersfield, CA",293589,0.10325659340097892,906,26
12540,2016,"Bakersfield, CA",295240,0.08427042406178024,927,24
12540,2017,"Bakersfield, CA",297873,0.09644042931047796,948,21
12540,2018,"Bakersfield, CA",300423,0.09072541050452196,974,29
12540,2019,"Bakersfield, CA",302927,0.09915920337242966,949,27
12580,2015,"Baltimore-Columbia-Towson, MD",1134549,0.10147027585410591,1184,15
12580,2016,"Baltimore-Columbia-Towson, MD",1140488,0.09981341320557516,1226,15
12580,2017,"Baltimore-Columbia-Towson, MD",1139623,0.09133020305837983,1241,20
12580,2018,"Baltimore-Columbia-Towson, MD",1142820,0.0941469347753802,1265,20
12580,2019,"Baltimore-Columbia-Towson, MD",1148240,0.09082160523932278,1316,18
12620,2015,"Bangor, ME",74332,0.20493192703008126,738,30
12620,2016,"Bangor, ME",74696,0.19413355467494914,750,31
12620,2017,"Bangor, ME",75864,0.20092534008225246,836,41
12620,2018,"Bangor, ME",76144,0.18883956713595293,739,45
12620,2019,"Bangor, ME",76369,0.16070656941952888,809,44
12700,2015,"Barnstable Town, MA",191689,0.43956095550605406,1187,80
12700,2016,"Barnstable Town, MA",192280,0.46306428125650095,1295,69
12700,2017,"Barnstable Town, MA",193770,0.47521288125096767,1287,57
12700,2018,"Barnstable Town, MA",194868,0.5011443643902539,1232,86
12700,2019,"Barnstable Town, MA",195510,0.44590558027722366,1306,126
12940,2015,"Baton Rouge, LA",345319,0.12968878051888255,850,25
12940,2016,"Baton Rouge, LA",348689,0.14897802913197722,864,25
12940,2017,"Baton Rouge, LA",354367,0.15439643081889678,894,29
12940,2018,"Baton Rouge, LA",358048,0.15790899544195192,915,26
12940,2019,"Baton Rouge, LA",360974,0.17544476887532065,911,23
13140,2015,"Beaumont-Port Arthur, TX",168396,0.11870234447374046,797,34
13140,2016,"Beaumont-Port Arthur, TX",169307,0.1261731647244355,817,28
13140,2017,"Beaumont-Port Arthur, TX",170468,0.15106647581950863,791,31
13140,2018,"Beaumont-Port Arthur, TX",171511,0.1836441977482494,829,25
13140,2019,"Beaumont-Port Arthur, TX",172905,0.17795899482374714,893,40
13380,2015,"Bellingham, WA",93263,0.1419641229640908,930,38
13380,2016,"Bellingham, WA",94189,0.10805932752232214,944,29
13380,2017,"Bellingham, WA",96626,0.08268995922422537,1078,64
13380,2018,"Bellingham, WA",97817,0.11027735465205435,1110,47
13380,2019,"Bellingham, WA",99210,0.10498941638947687,1134,69
13460,2015,"Bend-Redmond, OR",83886,0.17240063896240135,982,59
13460,2016,"Bend-Redmond, OR",85935,0.17074533077325885,1150,53
13460,2017,"Bend-Redmond, OR",88999,0.1629344149934269,1176,55
13460,2018,"Bend-Redmond, OR",91040,0.1218145869947276,1186,66
13460,2019,"Bend-Redmond, OR",92781,0.1751759519729255,1388,108
13780,2015,"Binghamton, NY",104381,0.1177417346068729,702,28
13780,2016,"Binghamton, NY",104825,0.12105890770331505,724,32
13780,2017,"Binghamton, NY",106046,0.11054636667106728,742,34
13780,2018,"Binghamton, NY",106591,0.14929027779080786,764,34
13780,2019,"Binghamton, NY",108068,0.12142354813635858,778,22
13820,2015,"Birmingham-Hoover, AL",508231,0.13381907046205369,809,17
13820,2016,"Birmingham-Hoover, AL",511065,0.14923933354857014,829,20
13820,2017,"Birmingham-Hoover, AL",515163,0.148337516475368,842,24
13820,2018,"Birmingham-Hoover, AL",517724,0.1625692453894353,892,21
13820,2019,"Birmingham-Hoover, AL",519171,0.13482263069393322,913,23
13900,2015,"Bismarck, ND",62467,0.07856948468791522,796,36
13900,2016,"Bismarck, ND",63707,0.10096221765269123,807,40
13900,2017,"Bismarck, ND",64482,0.09059892683229429,864,30
13900,2018,"Bismarck, ND",65460,0.09272838374579896,827,58
13900,2019,"Bismarck, ND",65843,0.14069832784046898,862,28
13980,2015,"Blacksburg-Christiansburg-Radford, VA",79371,0.12567562459840495,846,63
13980,2016,"Blacksburg-Christiansburg-Radford, VA",80322,0.1230173551455392,800,37
13980,2017,"Blacksburg-Christiansburg-Radford, VA",79833,0.1614119474402816,856,53
13980,2018,"Blacksburg-Christiansburg-Radford, VA",81873,0.16441317650507492,913,57
13980,2019,"Blacksburg-Christiansburg-Radford, VA",79212,0.13611574003938798,866,51
14010,2015,"Bloomington, IL",71552,0.07284212880143112,817,53
14010,2016,"Bloomington, IL",71757,0.08519029502348203,793,40
14010,2017,"Bloomington, IL",72378,0.09991986515239437,785,45
14010,2018,"Bloomington, IL",72676,0.0918872805327756,818,48
14010,2019,"Bloomington, IL",72761,0.1050562801500804,815,49
14020,2015,"Bloomington, IN",60539,0.09813508647318257,833,46
14020,2016,"Bloomington, IN",60803,0.10344884298472115,846,35
14020,2017,"Bloomington, IN",61550,0.07316003249390739,835,49
14020,2018,"Bloomington, IN",62067,0.08001031143763997,882,40
14020,2019,"Bloomington, IN",62393,0.13366884105588767,925,49
14260,2015,"Boise City, ID",268253,0.05671511595396883,849,26
14260,2016,"Boise City, ID",273935,0.046927190756931386,858,19
14260,2017,"Boise City, ID",283139,0.05348256510053366,920,19
14260,2018,"Boise City, ID",290857,0.04562379451070457,946,29
14260,2019,"Boise City, ID",299078,0.04436635259029417,1049,33
14460,2015,"Boston-Cambridge-Newton, MA-NH",1932298,0.06858828193166892,1316,14
14460,2016,"Boston-Cambridge-Newton, MA-NH",1944241,0.06299887719680843,1350,17
14460,2017,"Boston-Cambridge-Newton, MA-NH",1974117,0.06647984896538554,1397,17
14460,2018,"Boston-Cambridge-Newton, MA-NH",1991217,0.06338585899979761,1501,20
14460,2019,"Boston-Cambridge-Newton, MA-NH",2000715,0.06464089088150986,1579,20
14740,2015,"Bremerton-Silverdale, WA",109608,0.1021275819283264,1057,46
14740,2016,"Bremerton-Silverdale, WA",110398,0.07612456747404844,1162,47
14740,2017,"Bremerton-Silverdale, WA",112658,0.06884553249658258,1179,44
14740,2018,"Bremerton-Silverdale, WA",113732,0.07314564062884676,1305,51
14740,2019,"Bremerton-Silverdale, WA",114895,0.0641542277731842,1433,69
14860,2015,"Bridgeport-Stamford-Norwalk, CT",366129,0.08904238669976976,1428,36
14860,2016,"Bridgeport-Stamford-Norwalk, CT",368010,0.0888345425396049,1412,35
14860,2017,"Bridgeport-Stamford-Norwalk, CT",373039,0.09813451140497374,1438,40
14860,2018,"Bridgeport-Stamford-Norwalk, CT",374480,0.07703482161931212,1439,39
14860,2019,"Bridgeport-Stamford-Norwalk, CT",375368,0.09274099017497496,1521,53
15180,2015,"Brownsville-Harlingen, TX",147515,0.1697929024167034,643,23
15180,2016,"Brownsville-Harlingen, TX",148665,0.18945952308882386,679,25
15180,2017,"Brownsville-Harlingen, TX",151046,0.18551964302265536,697,28
15180,2018,"Brownsville-Harlingen, TX",152374,0.18088387782692586,712,22
15180,2019,"Brownsville-Harlingen, TX",154022,0.16046408954564934,787,29
15380,2015,"Buffalo-Cheektowaga-Niagara Falls, NY",520994,0.10173245757148834,733,14
15380,2016,"Buffalo-Cheektowaga-Niagara Falls, NY",521550,0.10409548461317228,749,13
15380,2017,"Buffalo-Cheektowaga-Niagara Falls, NY",529009,0.10199826467980697,772,11
15380,2018,"Buffalo-Cheektowaga-Niagara Falls, NY",530321,0.09469547689041166,809,14
15380,2019,"Buffalo-Cheektowaga-Niagara Falls, NY",531436,0.07994001159123582,828,16
15500,2015,"Burlington, NC",68485,0.07873256917573192,743,27
15500,2016,"Burlington, NC",69164,0.06932797409056735,729,43
15500,2017,"Burlington, NC",70686,0.08901338313103019,758,49
15500,2018,"Burlington, NC",71668,0.09704470614500195,819,28
15500,2019,"Burlington, NC",72889,0.11660195639945671,796,42
15540,2015,"Burlington-South Burlington, VT",95152,0.10085967714814192,1118,38
15540,2016,"Burlington-South Burlington, VT",95990,0.10678195645379727,1138,38
15540,2017,"Burlington-South Burlington, VT",97632,0.09953703703703703,1212,58
15540,2018,"Burlington-South Burlington, VT",98586,0.11419471324528838,1159,55
15540,2019,"Burlington-South Burlington, VT",99719,0.09887784674936571,1242,68
15940,2015,"Canton-Massillon, OH",179280,0.09178937974118696,687,15
15940,2016,"Canton-Massillon, OH",179433,0.09044601606170548,708,19
15940,2017,"Canton-Massillon, OH",180382,0.08265237107915424,723,20
15940,2018,"Canton-Massillon, OH",180625,0.0941121107266436,715,19
15940,2019,"Canton-Massillon, OH",180808,0.08345869651785319,728,20
15980,2015,"Cape Coral-Fort Myers, FL",379060,0.3043502347913259,1003,26
15980,2016,"Cape Coral-Fort Myers, FL",385106,0.32035076056981715,1080,22
15980,2017,"Cape Coral-Fort Myers, FL",393259,0.3229220437421648,1116,29
15980,2018,"Cape Coral-Fort Myers, FL",399741,0.2964894769363163,1190,27
15980,2019,"Cape Coral-Fort Myers, FL",408569,0.2978248472106303,1220,37
16580,2015,"Champaign-Urbana, IL",90482,0.1194491722110475,854,36
16580,2016,"Champaign-Urbana, IL",91541,0.10579958707027452,819,27
16580,2017,"Champaign-Urbana, IL",92736,0.10413431677018634,812,35
16580,2018,"Champaign-Urbana, IL",93299,0.09772880738271579,809,32
16580,2019,"Champaign-Urbana, IL",94700,0.13658922914466737,909,41
16620,2015,"Charleston, WV",96899,0.12303532544195503,692,22
16620,2016,"Charleston, WV",97020,0.1523809523809524,685,33
16620,2017,"Charleston, WV",97186,0.18822669931883193,665,39
16620,2018,"Charleston, WV",96899,0.15771060588860566,764,28
16620,2019,"Charleston, WV",96086,0.1531128364173761,698,33
16700,2015,"Charleston-North Charleston, SC",318493,0.14057765790770912,1034,30
16700,2016,"Charleston-North Charleston, SC",324390,0.11414346928080397,1051,27
16700,2017,"Charleston-North Charleston, SC",332655,0.12654552013347162,1102,29
16700,2018,"Charleston-North Charleston, SC",339519,0.1328143638500349,1201,30
16700,2019,"Charleston-North Charleston, SC",345825,0.12120292055230246,1212,29
16740,2015,"Charlotte-Concord-Gastonia, NC-SC",1010535,0.08784158886134573,915,10
16740,2016,"Charlotte-Concord-Gastonia, NC-SC",1025838,0.0933334503108678,949,11
16740,2017,"Charlotte-Concord-Gastonia, NC-SC",1049050,0.0867184595586483,977,16
16740,2018,"Charlotte-Concord-Gastonia, NC-SC",1072885,0.0908298652698099,1042,16
16740,2019,"Charlotte-Concord-Gastonia, NC-SC",1094132,0.09632018805774806,1077,14
16860,2015,"Chattanooga, TN-GA",231479,0.1255707861188272,744,22
16860,2016,"Chattanooga, TN-GA",233056,0.12385864341617465,765,27
16860,2017,"Chattanooga, TN-GA",235114,0.09640004423386102,795,30
16860,2018,"Chattanooga, TN-GA",237021,0.10252256129203742,834,23
16860,2019,"Chattanooga, TN-GA",242162,0.11389483073314557,852,25
16980,2015,"Chicago-Naperville-Elgin, IL-IN-WI",3792884,0.08950682383115328,1012,10
16980,2016,"Chicago-Naperville-Elgin, IL-IN-WI",3801375,0.08625300055900825,1050,8
16980,2017,"Chicago-Naperville-Elgin, IL-IN-WI",3823489,0.09241297673407717,1078,8
16980,2018,"Chicago-Naperville-Elgin, IL-IN-WI",3838568,0.08312891682523274,1110,8
16980,2019,"Chicago-Naperville-Elgin, IL-IN-WI",3849595,0.08531261080711088,1139,8
17020,2015,"Chico, CA",98040,0.13006935944512443,942,35
17020,2016,"Chico, CA",98439,0.13112689076483913,987,56
17020,2017,"Chico, CA",99405,0.10671495397615814,1000,52
17020,2018,"Chico, CA",100038,0.11398668505967732,1066,37
17020,2019,"Chico, CA",86212,0.09929012202477613,1087,69
17140,2015,"Cincinnati, OH-KY-IN",902906,0.09932816926678968,775,11
17140,2016,"Cincinnati, OH-KY-IN",906154,0.09235957684896828,793,13
17140,2017,"Cincinnati, OH-KY-IN",912375,0.08720975476092616,790,11
17140,2018,"Cincinnati, OH-KY-IN",916750,0.08123479683665122,850,13
17140,2019,"Cincinnati, OH-KY-IN",920880,0.07707736078533577,854,12
17300,2015,"Clarksville, TN-KY",132567,0.14370092104369867,874,33
17300,2016,"Clarksville, TN-KY",133974,0.1494319793392748,875,31
17300,2017,"Clarksville, TN-KY",134200,0.12331594634873323,907,41
17300,2018,"Clarksville, TN-KY",137267,0.14291854560819425,927,36
17300,2019,"Clarksville, TN-KY",140476,0.1236438964663003,902,37
17460,2015,"Cleveland-Elyria, OH",957518,0.11283860982247854,746,9
17460,2016,"Cleveland-Elyria, OH",958424,0.11125243107434706,776,10
17460,2017,"Cleveland-Elyria, OH",962037,0.10343053333707539,789,10
17460,2018,"Cleveland-Elyria, OH",963538,0.10118957425654204,804,10
17460,2019,"Cleveland-Elyria, OH",964496,0.09524974701813176,813,12
17660,2015,"Coeur d'Alene, ID",62650,0.09240223463687151,865,37
17660,2016,"Coeur d'Alene, ID",64168,0.11407555167684827,914,40
17660,2017,"Coeur d'Alene, ID",65691,0.11753512657746114,972,89
17660,2018,"Coeur d'Alene, ID",67427,0.07483648983344951,1001,65
17660,2019,"Coeur d'Alene, ID",69753,0.10218915315470302,966,82
17780,2015,"College Station-Bryan, TX",85231,0.08920463211742206,860,22
17780,2016,"College Station-Bryan, TX",86770,0.09793707502593062,874,38
17780,2017,"College Station-Bryan, TX",89761,0.11180802352914963,899,31
17780,2018,"College Station-Bryan, TX",92697,0.1258508905358318,937,53
17780,2019,"College Station-Bryan, TX",94330,0.15222092653450653,952,37
17820,2015,"Colorado Springs, CO",281288,0.0705753533744774,1049,37
17820,2016,"Colorado Springs, CO",285536,0.06274515297545669,1057,25
17820,2017,"Colorado Springs, CO",284800,0.05855688202247191,1146,36
17820,2018,"Colorado Springs, CO",288688,0.058859391453749375,1188,31
17820,2019,"Colorado Springs, CO",293652,0.060864560772615206,1251,35
17860,2015,"Columbia, MO",74446,0.07109851435940144,769,40
17860,2016,"Columbia, MO",75723,0.09079143721194353,813,30
17860,2017,"Columbia, MO",77404,0.09106764508294145,869,46
17860,2018,"Columbia, MO",78945,0.0852365570967129,878,39
17860,2019,"Columbia, MO",79353,0.10877975627890565,910,45
17900,2015,"Columbia, SC",346611,0.12687998938291054,857,17
17900,2016,"Columbia, SC",348798,0.11418930154416022,893,21
17900,2017,"Columbia, SC",355633,0.1289840931522103,891,19
17900,2018,"Columbia, SC",359090,0.12252081650839622,946,25
17900,2019,"Columbia, SC",363035,0.12405690911344636,920,26
18140,2015,"Columbus, OH",803008,0.08520961185940862,869,11
18140,2016,"Columbus, OH",809048,0.0817899556021398,877,11
18140,2017,"Columbus, OH",818800,0.08198827552515876,916,13
18140,2018,"Columbus, OH",826314,0.07465684957534303,947,10
18140,2019,"Columbus, OH",834231,0.06692870439962073,965,15
18580,2015,"Corpus Christi, TX",204638,0.15665712135575993,924,29
18580,2016,"Corpus Christi, TX",205446,0.16590247558969268,939,35
18580,2017,"Corpus Christi, TX",208159,0.18187058930913388,951,33
18580,2018,"Corpus Christi, TX",207597,0.17449674128238848,1006,36
18580,2019,"Corpus Christi, TX",209851,0.17204111488627646,1045,38
19100,2015,"Dallas-Fort Worth-Arlington, TX",2633340,0.07505031632831309,992,7
19100,2016,"Dallas-Fort Worth-Arlington, TX",2687371,0.07275437593097492,1022,10
19100,2017,"Dallas-Fort Worth-Arlington, TX",2739056,0.07737775350339679,1085,9
19100,2018,"Dallas-Fort Worth-Arlington, TX",2797856,0.07984792641222421,1152,8
19100,2019,"Dallas-Fort Worth-Arlington, TX",2853598,0.08463595783288326,1202,10
19300,2015,"Daphne-Fairhope-Foley, AL",108580,0.33441701970897036,914,75
19300,2016,"Daphne-Fairhope-Foley, AL",110607,0.30583959423906265,952,44
19300,2017,"Daphne-Fairhope-Foley, AL",114158,0.30692548923421925,930,50
19300,2018,"Daphne-Fairhope-Foley, AL",116632,0.28406440770971947,1057,75
19300,2019,"Daphne-Fairhope-Foley, AL",119425,0.3106468494871258,1072,57
19380,2015,"Dayton, OH",367957,0.10199017820017013,748,16
19380,2016,"Dayton, OH",367998,0.10773156375849868,761,19
19380,2017,"Dayton, OH",369475,0.10834833209283443,764,20
19380,2018,"Dayton, OH",370029,0.10432425566644776,786,17
19460,2015,"Decatur, AL",66748,0.09066938335231019,597,30
19460,2016,"Decatur, AL",66849,0.13606785441816632,572,26
19460,2017,"Decatur, AL",67503,0.16017065908181857,599,37
19460,2018,"Decatur, AL",67766,0.14613523005637044,705,62
19460,2019,"Decatur, AL",67771,0.12477313305101002,694,40
19500,2015,"Decatur, IL",50307,0.11686246446816546,630,31
19500,2016,"Decatur, IL",50238,0.12412914526852184,651,38
19500,2017,"Decatur, IL",50433,0.14783970812761485,670,36
19500,2018,"Decatur, IL",50405,0.11594087888106339,719,53
19500,2019,"Decatur, IL",50316,0.15056840766356627,668,39
19660,2015,"Deltona-Daytona Beach-Ormond Beach, FL",307028,0.1892009849264562,958,19
19660,2016,"Deltona-Daytona Beach-Ormond Beach, FL",308513,0.17231688778106596,988,28
19660,2017,"Deltona-Daytona Beach-Ormond Beach, FL",312055,0.16680713335790165,1046,25
19660,2018,"Deltona-Daytona Beach-Ormond Beach, FL",314585,0.17464914093170367,1048,38
19660,2019,"Deltona-Daytona Beach-Ormond Beach, FL",317977,0.17001544136840085,1123,36
19740,2015,"Denver-Aurora-Lakewood, CO",1160758,0.045827812515614796,1184,14
19740,2016,"Denver-Aurora-Lakewood, CO",1177769,0.04563203820103942,1286,16
19740,2017,"Denver-Aurora-Lakewood, CO",1205150,0.053312035846160226,1352,13
19740,2018,"Denver-Aurora-Lakewood, CO",1223713,0.04864130723462119,1388,14
19740,2019,"Denver-Aurora-Lakewood, CO",1246966,0.04732125815780061,1468,18
19780,2015,"Des Moines-West Des Moines, IA",282666,0.06437279333205975,825,23
19780,2016,"Des Moines-West Des Moines, IA",287833,0.06260227284571261,851,17
19780,2017,"Des Moines-West Des Moines, IA",294788,0.07358847714289592,873,23
19780,2018,"Des Moines-West Des Moines, IA",300603,0.07425408262725255,898,24
19780,2019,"Des Moines-West Des Moines, IA",305375,0.05410724519033975,940,23
19820,2015,"Detroit-Warren-Dearborn, MI",1859361,0.11722737004809716,871,9
19820,2016,"Detroit-Warren-Dearborn, MI",1862988,0.11075648367031886,886,8
19820,2017,"Detroit-Warren-Dearborn, MI",1869163,0.10493894860961832,898,9
19820,2018,"Detroit-Warren-Dearborn, MI",1875983,0.10603774128017152,927,9
19820,2019,"Detroit-Warren-Dearborn, MI",1879889,0.10280234630874482,962,10
20100,2015,"Dover, DE",68693,0.09047501200995735,995,46
20100,2016,"Dover, DE",69742,0.07585099366235554,997,69
20100,2017,"Dover, DE",71619,0.10907720018430864,978,59
20100,2018,"Dover, DE",73086,0.07177845278165448,1017,50
20100,2019,"Dover, DE",74309,0.08655748294284676,1125,70
20700,2015,"East Stroudsburg, PA",80718,0.31017864664634903,977,97
20700,2016,"East Stroudsburg, PA",80722,0.2908129134560591,982,92
20700,2017,"East Stroudsburg, PA",81471,0.29216531035583215,1090,58
20700,2018,"East Stroudsburg, PA",81664,0.3251738832288401,1019,96
20700,2019,"East Stroudsburg, PA",81828,0.31228919196363103,1199,146
20740,2015,"Eau Claire, WI",66177,0.08839929280565756,763,33
20740,2016,"Eau Claire, WI",66377,0.048616237552164154,786,40
20740,2017,"Eau Claire, WI",67428,0.061665776828617194,767,38
20740,2018,"Eau Claire, WI",67971,0.07512027188065498,793,38
20740,2019,"Eau Claire, WI",68460,0.07655565293602104,817,35
20940,2015,"El Centro, CA",57229,0.21092453126911181,783,38
20940,2016,"El Centro, CA",57386,0.21836336388666225,788,54
20940,2017,"El Centro, CA",57742,0.2297114751827093,827,64
20940,2018,"El Centro, CA",57893,0.2786001761871038,775,68
20940,2019,"El Centro, CA",58285,0.1733379085528009,810,75
21140,2015,"Elkhart-Goshen, IN",78023,0.12207938684746805,729,28
21140,2016,"Elkhart-Goshen, IN",78179,0.07280727561109761,742,32
21140,2017,"Elkhart-Goshen, IN",79000,0.07135443037974684,789,48
21140,2018,"Elkhart-Goshen, IN",79357,0.07352848519979334,804,35
21140,2019,"Elkhart-Goshen, IN",79764,0.1405521287799007,841,33
21340,2015,"El Paso, TX",289459,0.09931976549355867,757,19
21340,2016,"El Paso, TX",293648,0.08947447283822808,771,22
21340,2017,"El Paso, TX",296554,0.09131895034293923,826,24
21340,2018,"El Paso, TX",299672,0.09847766891801703,800,26
21340,2019,"El Paso, TX",301465,0.10719652364287728,849,25
21500,2015,"Erie, PA",120096,0.08291699973354649,701,33
21500,2016,"Erie, PA",120077,0.08637790750934816,703,26
21500,2017,"Erie, PA",121422,0.10676813098120604,719,39
21500,2018,"Erie, PA",121615,0.09717551288903507,761,33
21500,2019,"Erie, PA",121861,0.09628182929731416,756,40
21660,2015,"Eugene, OR",159311,0.07977478014700805,881,19
21660,2016,"Eugene, OR",159621,0.07513422419355849,932,24
21660,2017,"Eugene, OR",162602,0.06720089543794049,943,27
21660,2018,"Eugene, OR",163490,0.045378922258242096,998,37
21660,2019,"Eugene, OR",164774,0.055530605556701904,1034,44
22180,2015,"Fayetteville, NC",144428,0.1678414157919517,888,23
22180,2016,"Fayetteville, NC",145299,0.14649102884397003,862,17
22180,2017,"Fayetteville, NC",146610,0.12896118955050814,870,19
22180,2018,"Fayetteville, NC",147100,0.13060503059143438,926,16
22180,2019,"Fayetteville, NC",147330,0.13028575307133647,940,21
22220,2015,"Fayetteville-Springdale-Rogers, AR-MO",190663,0.08438448991151928,749,21
22220,2016,"Fayetteville-Springdale-Rogers, AR-MO",194160,0.0565306963329213,764,19
22220,2017,"Fayetteville-Springdale-Rogers, AR-MO",199015,0.08336557545913624,807,31
22220,2018,"Fayetteville-Springdale-Rogers, AR-MO",203494,0.06567761211632775,827,27
22220,2019,"Fayetteville-Springdale-Rogers, AR-MO",208478,0.08864244668502191,840,25
22380,2015,"Flagstaff, AZ",64437,0.28750562564985954,1093,61
22380,2016,"Flagstaff, AZ",65278,0.27375225956677596,982,106
22380,2017,"Flagstaff, AZ",66057,0.27370301406361175,1215,82
22380,2018,"Flagstaff, AZ",66838,0.2926927795565397,1234,73
22380,2019,"Flagstaff, AZ",67491,0.27409580536664147,1231,96
22500,2015,"Florence, SC",89429,0.10639725368728264,699,28
22500,2016,"Florence, SC",89644,0.15089688099593948,702,33
22500,2017,"Florence, SC",91020,0.12703801362337946,711,29
22500,2018,"Florence, SC",91984,0.1756501130631414,699,42
22500,2019,"Florence, SC",92831,0.1614008251553899,777,36
22660,2015,"Fort Collins, CO",140887,0.0828820260208536,1112,37
22660,2016,"Fort Collins, CO",143273,0.08282090833583439,1204,41
22660,2017,"Fort Collins, CO",148552,0.09318622435241532,1233,44
22660,2018,"Fort Collins, CO",151840,0.08205347734457323,1345,38
22660,2019,"Fort Collins, CO",154407,0.05031507638902381,1399,54
23060,2015,"Fort Wayne, IN",155307,0.08262344903964405,715,16
23060,2016,"Fort Wayne, IN",156232,0.08621153156843668,705,14
23060,2017,"Fort Wayne, IN",157976,0.09414721223476984,737,19
23060,2018,"Fort Wayne, IN",159269,0.07302739390590761,767,16
23060,2019,"Fort Wayne, IN",160704,0.08974885503783353,780,26
23420,2015,"Fresno, CA",326015,0.06688956029630538,897,16
23420,2016,"Fresno, CA",327812,0.07503691140043683,930,18
23420,2017,"Fresno, CA",330958,0.07595525716254026,955,22
23420,2018,"Fresno, CA",333809,0.07276316696074701,996,21
23420,2019,"Fresno, CA",336479,0.06094288202235504,1034,25
23460,2015,"Gadsden, AL",47509,0.1721147572038982,650,42
23460,2016,"Gadsden, AL",47541,0.184577522559475,594,42
23460,2017,"Gadsden, AL",47751,0.22324139808590396,618,48
23460,2018,"Gadsden, AL",47847,0.19273935669947959,685,33
23460,2019,"Gadsden, AL",47855,0.16303416570891233,677,38
23540,2015,"Gainesville, FL",114580,0.1584220631872927,858,36
23540,2016,"Gainesville, FL",115533,0.18268373538296417,915,31
23540,2017,"Gainesville, FL",116975,0.16466766403077582,941,36
23540,2018,"Gainesville, FL",118966,0.17805927744061328,1015,54
23540,2019,"Gainesville, FL",120226,0.14308884933375476,972,46
23580,2015,"Gainesville, GA",70098,0.08714941938429056,901,47
23580,2016,"Gainesville, GA",70956,0.12568352218276116,880,28
23580,2017,"Gainesville, GA",73090,0.14948693391708853,892,53
23580,2018,"Gainesville, GA",74431,0.12684231032768606,984,51
23580,2019,"Gainesville, GA",76167,0.1384063964709126,974,47
24020,2015,"Glens Falls, NY",68219,0.2844368870842434,841,35
24020,2016,"Glens Falls, NY",68427,0.24570710392096687,867,32
24020,2017,"Glens Falls, NY",69569,0.27936293464042894,826,33
24020,2018,"Glens Falls, NY",69804,0.25511432009626955,886,42
24020,2019,"Glens Falls, NY",69928,0.232281775540556,923,44
24140,2015,"Goldsboro, NC",53289,0.10882170804481225,718,67
24140,2016,"Goldsboro, NC",53400,0.11535580524344569,760,50
24140,2017,"Goldsboro, NC",54250,0.12036866359447004,739,49
24140,2018,"Goldsboro, NC",54418,0.10013230916240949,773,50
24140,2019,"Goldsboro, NC",54705,0.11432227401517228,798,45
24300,2015,"Grand Junction, CO",55355,0.06882847077951404,897,96
24300,2016,"Grand Junction, CO",57759,0.07468965875447982,910,71
24300,2017,"Grand Junction, CO",58443,0.059254316171312216,928,90
24300,2018,"Grand Junction, CO",58927,0.059140971031954793,869,55
24300,2019,"Grand Junction, CO",59457,0.058849252400894767,981,93
24340,2015,"Grand Rapids-Wyoming, MI",355451,0.055127148327054926,794,17
24340,2016,"Grand Rapids-Wyoming, MI",358256,0.05403677816980037,812,18
24340,2017,"Grand Rapids-Wyoming, MI",364157,0.052713527407134836,871,15
24340,2018,"Grand Rapids-Wyoming, MI",368238,0.05635757309131594,878,18
24340,2019,"Grand Rapids-Wyoming, MI",371381,0.05637875927955388,937,26
24660,2015,"Greensboro-High Point, NC",351766,0.11781127226622243,768,18
24660,2016,"Greensboro-High Point, NC",353967,0.10735746552644738,764,14
24660,2017,"Greensboro-High Point, NC",357059,0.11289450763039162,791,17
24660,2018,"Greensboro-High Point, NC",359688,0.10563043526611952,826,20
24660,2019,"Greensboro-High Point, NC",361287,0.109804670525095,863,20
24780,2015,"Greenville, NC",77329,0.11579097104579136,759,50
24780,2016,"Greenville, NC",77909,0.10127199681679909,717,26
24780,2017,"Greenville, NC",79239,0.13546359747094233,787,39
24780,2018,"Greenville, NC",80244,0.13653357260355914,714,34
24780,2019,"Greenville, NC",81191,0.12715695089357196,829,43
24860,2015,"Greenville-Anderson-Mauldin, SC",411792,0.11549762987139138,768,22
24860,2016,"Greenville-Anderson-Mauldin, SC",417003,0.11992000057553542,806,19
24860,2017,"Greenville-Anderson-Mauldin, SC",425316,0.11746560204647838,797,17
24860,2018,"Greenville-Anderson-Mauldin, SC",430485,0.1259207637896791,862,23
24860,2019,"Greenville-Anderson-Mauldin, SC",436599,0.12732049317566005,867,19
25060,2015,"Gulfport-Biloxi-Pascagoula, MS",152113,0.15894762446339233,819,24
25060,2016,"Gulfport-Biloxi-Pascagoula, MS",153114,0.17118617500685765,829,36
25060,2017,"Gulfport-Biloxi-Pascagoula, MS",155275,0.15784253743358556,848,31
25060,2018,"Gulfport-Biloxi-Pascagoula, MS",156623,0.14421892059276095,841,23
25060,2019,"Gulfport-Biloxi-Pascagoula, MS",157386,0.16796284294664074,907,28
25260,2015,"Hanford-Corcoran, CA",45251,0.05655123643676383,892,37
25260,2016,"Hanford-Corcoran, CA",45763,0.05843148394991587,955,72
25260,2017,"Hanford-Corcoran, CA",46399,0.07263087566542382,876,25
25260,2018,"Hanford-Corcoran, CA",46649,0.06263799867092543,1083,57
25260,2019,"Hanford-Corcoran, CA",46958,0.04678649005494272,969,68
25420,2015,"Harrisburg-Carlisle, PA",246146,0.08316202578957205,884,18
25420,2016,"Harrisburg-Carlisle, PA",247378,0.08997970716878623,923,15
25420,2017,"Harrisburg-Carlisle, PA",251184,0.09913051786738009,916,24
25420,2018,"Harrisburg-Carlisle, PA",252622,0.07533389807696875,929,31
25420,2019,"Harrisburg-Carlisle, PA",254393,0.07872858136819802,946,31
25500,2015,"Harrisonburg, VA",52901,0.10020604525434301,801,40
25500,2016,"Harrisonburg, VA",53203,0.10146044395992707,807,53
25500,2017,"Harrisonburg, VA",53817,0.11223219428805024,866,36
25500,2018,"Harrisonburg, VA",54152,0.11386467720490472,884,34
25500,2019,"Harrisonburg, VA",54529,0.13627610995983788,967,70
25540,2015,"Hartford-West Hartford-East Hartford, CT",508982,0.08717204144743822,1039,19
25540,2016,"Hartford-West Hartford-East Hartford, CT",509593,0.07683386545733556,1046,20
25540,2017,"Hartford-West Hartford-East Hartford, CT",515756,0.08740373354842212,1061,18
25540,2018,"Hartford-West Hartford-East Hartford, CT",517008,0.08970847646458081,1111,22
25540,2019,"Hartford-West Hartford-East Hartford, CT",518329,0.07999166552517803,1113,18
25860,2015,"Hickory-Lenoir-Morganton, NC",183227,0.1390406435732725,615,22
25860,2016,"Hickory-Lenoir-Morganton, NC",183972,0.11814841388907008,656,23
25860,2017,"Hickory-Lenoir-Morganton, NC",185783,0.14600367094944103,677,21
25860,2018,"Hickory-Lenoir-Morganton, NC",186432,0.1250214555441126,683,25
25860,2019,"Hickory-Lenoir-Morganton, NC",187821,0.1264608323882846,681,31
25940,2015,"Hilton Head Island-Bluffton-Beaufort, SC",106442,0.2594746434678041,1055,55
25940,2016,"Hilton Head Island-Bluffton-Beaufort, SC",107859,0.2882281497139784,1144,59
25940,2017,"Hilton Head Island-Bluffton-Beaufort, SC",111878,0.2919340710416704,1076,63
25940,2018,"Hilton Head Island-Bluffton-Beaufort, SC",112376,0.2521356873353741,1212,70
25940,2019,"Hilton Head Island-Bluffton-Beaufort, SC",115366,0.2710677322608047,1166,40
26140,2015,"Homosassa Springs, FL",77726,0.22111005326403005,728,53
26140,2016,"Homosassa Springs, FL",77904,0.18384165126309304,815,61
26140,2017,"Homosassa Springs, FL",79496,0.2290178122169669,779,46
26140,2018,"Homosassa Springs, FL",79988,0.22122068310246537,880,50
26140,2019,"Homosassa Springs, FL",80902,0.20338186942226397,903,49
26380,2015,"Houma-Thibodaux, LA",95510,0.09966495654905246,724,50
26380,2016,"Houma-Thibodaux, LA",95240,0.1012914741705166,787,20
26380,2017,"Houma-Thibodaux, LA",97831,0.12190409992742586,789,56
26380,2018,"Houma-Thibodaux, LA",99043,0.15309512030128328,816,48
26380,2019,"Houma-Thibodaux, LA",99007,0.14420192511640592,807,56
26420,2015,"Houston-The Woodlands-Sugar Land, TX",2472739,0.08345725125053635,978,9
26420,2016,"Houston-The Woodlands-Sugar Land, TX",2526137,0.08677359937327231,1009,12
26420,2017,"Houston-The Woodlands-Sugar Land, TX",2568520,0.10506283774313613,1041,11
26420,2018,"Houston-The Woodlands-Sugar Land, TX",2607378,0.10525554791058297,1094,10
26420,2019,"Houston-The Woodlands-Sugar Land, TX",2659874,0.09413791781114443,1139,11
26620,2015,"Huntsville, AL",180813,0.10226034632465586,758,43
26620,2016,"Huntsville, AL",182963,0.10162163934784628,785,29
26620,2017,"Huntsville, AL",186387,0.08627211125239422,784,25
26620,2018,"Huntsville, AL",188368,0.08119744330247176,834,37
26620,2019,"Huntsville, AL",189393,0.07748438432254624,858,26
26900,2015,"Indianapolis-Carmel-Anderson, IN",842013,0.10322643474625688,825,12
26900,2016,"Indianapolis-Carmel-Anderson, IN",849503,0.09919093870180565,853,10
26900,2017,"Indianapolis-Carmel-Anderson, IN",859979,0.1007699025208755,886,12
26900,2018,"Indianapolis-Carmel-Anderson, IN",867509,0.09701686092017489,907,15
26900,2019,"Indianapolis-Carmel-Anderson, IN",875563,0.09340618550578314,932,13
26980,2015,"Iowa City, IA",59794,0.0682844432551761,868,33
26980,2016,"Iowa City, IA",61796,0.07409864716162859,878,48
26980,2017,"Iowa City, IA",63867,0.07323030673117573,943,27
26980,2018,"Iowa City, IA",65024,0.063914862204724407,968,39
26980,2019,"Iowa City, IA",66252,0.08257863913542232,932,58
27060,2015,"Ithaca, NY",42265,0.0982609724358216,1080,61
27060,2016,"Ithaca, NY",42445,0.11219224879255507,997,64
27060,2017,"Ithaca, NY",43453,0.0741490806158378,1120,85
27060,2018,"Ithaca, NY",43883,0.08276553562883121,1153,62
27060,2019,"Ithaca, NY",44633,0.09661013151703897,1219,77
27100,2015,"Jackson, MI",69023,0.14096750358576127,696,44
27100,2016,"Jackson, MI",69005,0.1305992319397145,713,51
27100,2017,"Jackson, MI",69564,0.10557184750733138,731,36
27100,2018,"Jackson, MI",69696,0.10182793847566575,805,44
27100,2019,"Jackson, MI",69818,0.1205276576241084,779,26
27140,2015,"Jackson, MS",261350,0.12475607422995982,834,27
27140,2016,"Jackson, MS",262748,0.11291808120328223,835,23
27140,2017,"Jackson, MS",264099,0.13071613296528953,857,24
27140,2018,"Jackson, MS",267833,0.14733061273256096,873,25
27140,2019,"Jackson, MS",266583,0.14491171605091097,863,31
27180,2015,"Jackson, TN",49709,0.11637731597899777,811,45
27180,2016,"Jackson, TN",50333,0.14263008364293803,794,49
27180,2017,"Jackson, TN",49714,0.15824516232851912,834,48
27180,2018,"Jackson, TN",50242,0.10891286174913418,761,44
27180,2019,"Jackson, TN",50877,0.1096762780824341,772,29
27260,2015,"Jacksonville, FL",607143,0.137279026522582,994,17
27260,2016,"Jacksonville, FL",613651,0.12396133958878906,1007,23
27260,2017,"Jacksonville, FL",628213,0.12714954959543975,1031,18
27260,2018,"Jacksonville, FL",639276,0.11954148130072144,1082,20
27260,2019,"Jacksonville, FL",652472,0.1247777682413958,1121,22
27500,2015,"Janesville-Beloit, WI",68314,0.047720818573059695,741,34
27500,2016,"Janesville-Beloit, WI",68513,0.07722621984148993,751,28
27500,2017,"Janesville-Beloit, WI",68955,0.059140018852875065,800,40
27500,2018,"Janesville-Beloit, WI",69235,0.06648371488409041,832,43
27500,2019,"Janesville-Beloit, WI",69429,0.059240375059413215,876,26
27620,2015,"Jefferson City, MO",64148,0.13563945875163683,608,26
27620,2016,"Jefferson City, MO",64386,0.14009256670704812,632,44
27620,2017,"Jefferson City, MO",64682,0.15382950434433074,640,41
27620,2018,"Jefferson City, MO",65775,0.13258836944127708,636,64
27620,2019,"Jefferson City, MO",66306,0.09920670829185896,710,73
27780,2015,"Johnstown, PA",65142,0.12431303920665623,596,28
27780,2016,"Johnstown, PA",64979,0.13136551809046,619,23
27780,2017,"Johnstown, PA",65968,0.15075491147222897,601,23
27780,2018,"Johnstown, PA",66035,0.1446505640947982,620,34
27780,2019,"Johnstown, PA",66019,0.1443372362501704,620,35
27900,2015,"Joplin, MO",76045,0.11319613386810441,739,27
27900,2016,"Joplin, MO",76444,0.11857045680498142,701,32
27900,2017,"Joplin, MO",77445,0.10727613144812448,715,56
27900,2018,"Joplin, MO",76587,0.0710564456108739,753,38
27900,2019,"Joplin, MO",77117,0.1289987940402246,716,24
28020,2015,"Kalamazoo-Portage, MI",173069,0.1306877603730304,716,29
28020,2016,"Kalamazoo-Portage, MI",173763,0.12605100050068196,746,26
28020,2017,"Kalamazoo-Portage, MI",175603,0.12142731046736104,770,28
28020,2018,"Kalamazoo-Portage, MI",176613,0.12979791974543212,799,28
28020,2019,"Kalamazoo-Portage, MI",177131,0.12353004273673157,824,28
28100,2015,"Kankakee, IL",45182,0.14226904519498915,846,59
28100,2016,"Kankakee, IL",45172,0.1296821039582042,850,62
28100,2017,"Kankakee, IL",45495,0.12895922628860315,792,46
28100,2018,"Kankakee, IL",45644,0.10958724038208746,864,34
28100,2019,"Kankakee, IL",45753,0.13487640154743952,923,44
28140,2015,"Kansas City, MO-KS",912329,0.08716482760056952,859,10
28140,2016,"Kansas City, MO-KS",920558,0.09159553227498973,885,14
28140,2017,"Kansas City, MO-KS",932245,0.08776877323021309,935,12
28140,2018,"Kansas City, MO-KS",939593,0.08894702280668332,968,11
28140,2019,"Kansas City, MO-KS",947922,0.09106128985296258,989,14
28940,2015,"Knoxville, TN",426917,0.12406627049285927,756,16
28940,2016,"Knoxville, TN",430023,0.11847040739681367,763,16
28940,2017,"Knoxville, TN",435009,0.12314227981490038,803,22
28940,2018,"Knoxville, TN",438777,0.13224941143223096,816,22
28940,2019,"Knoxville, TN",443339,0.1215976938640634,872,24
29100,2015,"La Crosse-Onalaska, WI-MN",49441,0.06725187597338242,746,44
29100,2016,"La Crosse-Onalaska, WI-MN",49776,0.054062198649951786,760,41
29100,2017,"La Crosse-Onalaska, WI-MN",50259,0.05083666606975865,802,47
29100,2018,"La Crosse-Onalaska, WI-MN",50573,0.05237972831352698,858,36
29100,2019,"La Crosse-Onalaska, WI-MN",51029,0.05590938485958964,847,32
29180,2015,"Lafayette, LA",227355,0.11339095247520398,733,29
29180,2016,"Lafayette, LA",229762,0.14148118487826533,781,35
29180,2017,"Lafayette, LA",233454,0.15295518603236613,742,26
29180,2018,"Lafayette, LA",235336,0.1342718496107693,797,33
29180,2019,"Lafayette, LA",236902,0.13366286481329834,818,27
29200,2015,"Lafayette-West Lafayette, IN",74803,0.06612034276700132,782,26
29200,2016,"Lafayette-West Lafayette, IN",75119,0.0893914988218693,767,33
29200,2017,"Lafayette-West Lafayette, IN",75907,0.08437956973665142,784,41
29200,2018,"Lafayette-West Lafayette, IN",76740,0.08203023195204587,833,29
29200,2019,"Lafayette-West Lafayette, IN",78334,0.056399520004085074,882,23
29420,2015,"Lake Havasu City-Kingman, AZ",127774,0.2811526601656049,742,36
29420,2016,"Lake Havasu City-Kingman, AZ",128938,0.2762490499309746,787,32
29420,2017,"Lake Havasu City-Kingman, AZ",130621,0.2681804610284717,783,29
29420,2018,"Lake Havasu City-Kingman, AZ",130375,0.23651006711409395,798,35
29420,2019,"Lake Havasu City-Kingman, AZ",131694,0.22262973256184793,873,42
29460,2015,"Lakeland-Winter Haven, FL",284364,0.20129481931608784,890,27
29460,2016,"Lakeland-Winter Haven, FL",286488,0.20963879813465136,889,25
29460,2017,"Lakeland-Winter Haven, FL",295132,0.21032961522301885,938,23
29460,2018,"Lakeland-Winter Haven, FL",299432,0.1945717224611932,961,27
29460,2019,"Lakeland-Winter Haven, FL",304440,0.21616738930495336,998,39
29540,2015,"Lancaster, PA",207135,0.04553552031283945,941,21
29540,2016,"Lancaster, PA",207807,0.052933731779968914,957,23
29540,2017,"Lancaster, PA",210887,0.046171646426759354,977,31
29540,2018,"Lancaster, PA",212243,0.04595204553271486,975,28
29540,2019,"Lancaster, PA",213299,0.040318988837266,1046,32
29620,2015,"Lansing-East Lansing, MI",200399,0.08239063069176993,790,19
29620,2016,"Lansing-East Lansing, MI",201069,0.07796825965215921,827,18
29620,2017,"Lansing-East Lansing, MI",203096,0.08318233741678811,843,20
29620,2018,"Lansing-East Lansing, MI",203771,0.08312272109377684,863,18
29620,2019,"Lansing-East Lansing, MI",204329,0.07489881514616134,852,23
29700,2015,"Laredo, TX",79704,0.093408110007026,776,22
29700,2016,"Laredo, TX",81491,0.09826852045011106,785,34
29700,2017,"Laredo, TX",83099,0.10895437971576072,801,40
29700,2018,"Laredo, TX",84466,0.10850519735751664,857,35
29700,2019,"Laredo, TX",85800,0.11041958041958042,855,34
29740,2015,"Las Cruces, NM",84640,0.118265595463138,741,44
29740,2016,"Las Cruces, NM",85228,0.11110198526305909,749,51
29740,2017,"Las Cruces, NM",87842,0.14118530998838824,716,49
29740,2018,"Las Cruces, NM",89060,0.09714799011902088,678,30
29740,2019,"Las Cruces, NM",89967,0.12085542476685895,752,36
29820,2015,"Las Vegas-Henderson-Paradise, NV",871866,0.15013775052588357,1007,15
29820,2016,"Las Vegas-Henderson-Paradise, NV",881238,0.14295910979780718,1031,14
29820,2017,"Las Vegas-Henderson-Paradise, NV",899735,0.13108637543276633,1079,13
29820,2018,"Las Vegas-Henderson-Paradise, NV",913385,0.11471394866348801,1130,12
29820,2019,"Las Vegas-Henderson-Paradise, NV",924533,0.1199827372305802,1187,12
29940,2015,"Lawrence, KS",48537,0.11786884232647259,827,49
29940,2016,"Lawrence, KS",49287,0.07537484529389088,857,47
29940,2017,"Lawrence, KS",50841,0.06290198855254617,884,39
29940,2018,"Lawrence, KS",51068,0.04233570925041122,968,52
29940,2019,"Lawrence, KS",51770,0.06300946494108557,961,64
30140,2015,"Lebanon, PA",56479,0.05805697692947821,786,41
30140,2016,"Lebanon, PA",56637,0.09700372547981002,803,56
30140,2017,"Lebanon, PA",57678,0.08481570096050488,816,38
30140,2018,"Lebanon, PA",58010,0.06012756421306671,907,45
30140,2019,"Lebanon, PA",58258,0.07547461292869649,882,30
30340,2015,"Lewiston-Auburn, ME",48830,0.081056727421667,721,49
30340,2016,"Lewiston-Auburn, ME",49059,0.08442895289345483,731,38
30340,2017,"Lewiston-Auburn, ME",49824,0.0771917148362235,688,43
30340,2018,"Lewiston-Auburn, ME",50052,0.102992887397107,774,33
30340,2019,"Lewiston-Auburn, ME",50309,0.0871613429008726,821,47
30620,2015,"Lima, OH",44802,0.10195973394044909,642,38
30620,2016,"Lima, OH",44804,0.10762431925720918,684,41
30620,2017,"Lima, OH",45039,0.09251981615932858,636,33
30620,2018,"Lima, OH",45192,0.08826783501504691,691,29
30620,2019,"Lima, OH",45188,0.10462954766752235,735,86
30700,2015,"Lincoln, NE",126511,0.046177802720712036,767,22
30700,2016,"Lincoln, NE",128755,0.0522542813871306,772,21
30700,2017,"Lincoln, NE",131256,0.06325044188456147,811,23
30700,2018,"Lincoln, NE",133465,0.056554152774135544,840,29
30700,2019,"Lincoln, NE",134993,0.048950686331883875,856,16
30780,2015,"Little Rock-North Little Rock-Conway, AR",307296,0.11580365510777882,807,17
30780,2016,"Little Rock-North Little Rock-Conway, AR",309640,0.11202041079963829,803,23
30780,2017,"Little Rock-North Little Rock-Conway, AR",312568,0.12673082337283406,811,20
30780,2018,"Little Rock-North Little Rock-Conway, AR",315560,0.13485549499302826,821,24
30780,2019,"Little Rock-North Little Rock-Conway, AR",316759,0.12584330674108707,829,19
31080,2015,"Los Angeles-Long Beach-Anaheim, CA",4585041,0.05883262548797274,1348,7
31080,2016,"Los Angeles-Long Beach-Anaheim, CA",4610703,0.059238038103950744,1403,7
31080,2017,"Los Angeles-Long Beach-Anaheim, CA",4644856,0.06380779081202947,1476,7
31080,2018,"Los Angeles-Long Beach-Anaheim, CA",4672298,0.06813713508855813,1565,9
31080,2019,"Los Angeles-Long Beach-Anaheim, CA",4697487,0.06916251178555682,1655,8
31140,2015,"Louisville/Jefferson County, KY-IN",539486,0.09506456145293854,777,17
31140,2016,"Louisville/Jefferson County, KY-IN",543102,0.09160157760420694,790,14
31140,2017,"Louisville/Jefferson County, KY-IN",546028,0.09519475191748408,818,14
31140,2018,"Louisville/Jefferson County, KY-IN",551712,0.09839010208224581,850,16
31140,2019,"Louisville/Jefferson County, KY-IN",556030,0.10355556354872938,880,18
31180,2015,"Lubbock, TX",123097,0.11870313655085014,834,32
31180,2016,"Lubbock, TX",124852,0.10313811552878609,896,32
31180,2017,"Lubbock, TX",127408,0.1186660178324752,878,20
31180,2018,"Lubbock, TX",129669,0.10784381772050375,908,35
31180,2019,"Lubbock, TX",130778,0.10157671779657129,959,38
31340,2015,"Lynchburg, VA",115468,0.13026985831572382,759,32
31340,2016,"Lynchburg, VA",115744,0.15607720486591098,728,42
31340,2017,"Lynchburg, VA",116916,0.15830168668103595,777,30
31340,2018,"Lynchburg, VA",117599,0.12262859378055936,788,31
31340,2019,"Lynchburg, VA",117772,0.1264562035118704,834,33
31460,2015,"Madera, CA",50101,0.09734336639987226,947,54
31460,2016,"Madera, CA",50205,0.11624340205158849,954,46
31460,2017,"Madera, CA",50393,0.08532931161073959,994,62
31460,2018,"Madera, CA",50971,0.12724882776480745,947,51
31460,2019,"Madera, CA",51440,0.13711119751166406,1028,90
31700,2015,"Manchester-Nashua, NH",147605,0.06829714440567732,1107,28
31700,2016,"Manchester-Nashua, NH",147901,0.0604187936525108,1123,33
31700,2017,"Manchester-Nashua, NH",151266,0.061005116814089086,1133,31
31700,2018,"Manchester-Nashua, NH",151879,0.058046207836501426,1165,35
31700,2019,"Manchester-Nashua, NH",153218,0.06084794214778942,1262,41
31900,2015,"Mansfield, OH",54204,0.13310825769315918,640,30
31900,2016,"Mansfield, OH",54001,0.10301661080350363,688,28
31900,2017,"Mansfield, OH",54223,0.09636132268594508,596,35
31900,2018,"Mansfield, OH",54173,0.11201151865320362,656,49
31900,2019,"Mansfield, OH",54101,0.07927764736326501,705,39
32580,2015,"McAllen-Edinburg-Mission, TX",264607,0.14706338078735634,690,33
32580,2016,"McAllen-Edinburg-Mission, TX",268803,0.12681034065840038,697,22
32580,2017,"McAllen-Edinburg-Mission, TX",276758,0.13344871692959193,695,21
32580,2018,"McAllen-Edinburg-Mission, TX",281655,0.1573946849869521,703,24
32580,2019,"McAllen-Edinburg-Mission, TX",285996,0.1344459363068015,763,26
32780,2015,"Medford, OR",92845,0.09661263395982551,882,30
32780,2016,"Medford, OR",93248,0.07118651338366506,933,36
32780,2017,"Medford, OR",95394,0.05967880579491373,958,34
32780,2018,"Medford, OR",96251,0.06715774381564867,980,45
32780,2019,"Medford, OR",97268,0.09734959082123618,1052,48
32820,2015,"Memphis, TN-MS-AR",519953,0.12457472117672175,852,13
32820,2016,"Memphis, TN-MS-AR",522573,0.11955841576200837,872,13
32820,2017,"Memphis, TN-MS-AR",523907,0.13283082684522254,887,19
32820,2018,"Memphis, TN-MS-AR",527217,0.1214319720342857,893,16
32820,2019,"Memphis, TN-MS-AR",530315,0.11874451976655384,949,15
32900,2015,"Merced, CA",84338,0.06213094927553416,874,31
32900,2016,"Merced, CA",84432,0.07957883267007769,899,30
32900,2017,"Merced, CA",85267,0.050406370577128316,1003,41
32900,2018,"Merced, CA",85766,0.07321082946622205,1023,46
32900,2019,"Merced, CA",86386,0.06646910378996597,1097,62
33100,2015,"Miami-Fort Lauderdale-West Palm Beach, FL",2499552,0.1720168254151144,1208,10
33100,2016,"Miami-Fort Lauderdale-West Palm Beach, FL",2518816,0.1695733233392197,1249,11
33100,2017,"Miami-Fort Lauderdale-West Palm Beach, FL",2524344,0.1697145872353372,1316,11
33100,2018,"Miami-Fort Lauderdale-West Palm Beach, FL",2539286,0.15943930695478967,1360,12
33100,2019,"Miami-Fort Lauderdale-West Palm Beach, FL",2553457,0.14677670311268215,1438,13
33140,2015,"Michigan City-La Porte, IN",48768,0.11480889107611549,694,49
33140,2016,"Michigan City-La Porte, IN",48829,0.1383399209486166,725,36
33140,2017,"Michigan City-La Porte, IN",49126,0.13719822497251966,695,43
33140,2018,"Michigan City-La Porte, IN",49209,0.12369688471621045,749,40
33140,2019,"Michigan City-La Porte, IN",49317,0.12606200701583634,728,31
33260,2015,"Midland, TX",59512,0.05432517811533808,1196,61
33260,2016,"Midland, TX",60500,0.07145454545454545,1135,82
33260,2017,"Midland, TX",61133,0.07177792681530433,1097,57
33260,2018,"Midland, TX",61872,0.06846392552366175,1281,92
33260,2019,"Midland, TX",63193,0.06120931115788141,1417,144
33340,2015,"Milwaukee-Waukesha-West Allis, WI",673012,0.06711767397906723,848,9
33340,2016,"Milwaukee-Waukesha-West Allis, WI",674782,0.0718128225115667,856,10
33340,2017,"Milwaukee-Waukesha-West Allis, WI",678659,0.07857407033576509,869,11
33340,2018,"Milwaukee-Waukesha-West Allis, WI",681231,0.06874613750695432,884,11
33340,2019,"Milwaukee-Waukesha-West Allis, WI",683615,0.0705996796442442,914,12
33460,2015,"Minneapolis-St. Paul-Bloomington, MN-WI",1450146,0.05378837717029872,979,12
33460,2016,"Minneapolis-St. Paul-Bloomington, MN-WI",1457204,0.052728375711293685,1000,14
33460,2017,"Minneapolis-St. Paul-Bloomington, MN-WI",1472995,0.05371165550460117,1057,15
33460,2018,"Minneapolis-St. Paul-Bloomington, MN-WI",1485905,0.055177820923948705,1090,14
33460,2019,"Minneapolis-St. Paul-Bloomington, MN-WI",1501824,0.0535875042614847,1144,13
33660,2015,"Mobile, AL",182024,0.1597921153254516,797,24
33660,2016,"Mobile, AL",182640,0.13961344721857205,808,24
33660,2017,"Mobile, AL",183912,0.15893470790378006,810,31
33660,2018,"Mobile, AL",184687,0.14109818233010446,824,34
33660,2019,"Mobile, AL",185062,0.15733105661886287,843,30
33700,2015,"Modesto, CA",180748,0.048631243499236504,1025,30
33700,2016,"Modesto, CA",180822,0.043905055800732215,1036,39
33700,2017,"Modesto, CA",181595,0.044175225088796496,1136,35
33700,2018,"Modesto, CA",182305,0.039137708784728886,1158,29
33700,2019,"Modesto, CA",182987,0.04529829987922639,1231,39
33740,2015,"Monroe, LA",66962,0.15089155043158806,697,49
33740,2016,"Monroe, LA",67510,0.19494889645978375,700,36
33740,2017,"Monroe, LA",68443,0.14918983679850387,745,54
33740,2018,"Monroe, LA",69035,0.19462591439125082,749,33
33740,2019,"Monroe, LA",69476,0.16755426334273707,730,35
33780,2015,"Monroe, MI",63643,0.07476077494775545,731,55
33780,2016,"Monroe, MI",63694,0.07700882343705844,785,46
33780,2017,"Monroe, MI",64309,0.07434418199629912,781,53
33780,2018,"Monroe, MI",64803,0.04964276345230931,848,43
33780,2019,"Monroe, MI",65256,0.06713558906460708,827,64
33860,2015,"Montgomery, AL",165532,0.12778798057173235,819,30
33860,2016,"Montgomery, AL",165938,0.12107534139256831,834,27
33860,2017,"Montgomery, AL",167539,0.1526748995756212,845,31
33860,2018,"Montgomery, AL",168054,0.15070156021278874,897,35
33860,2019,"Montgomery, AL",168417,0.13755737247427516,899,29
34060,2015,"Morgantown, WV",59602,0.1565048152746552,865,93
34060,2016,"Morgantown, WV",59715,0.15398141170560162,758,42
34060,2017,"Morgantown, WV",60156,0.15148946073542124,784,27
34060,2018,"Morgantown, WV",60241,0.11732872960276224,837,57
34060,2019,"Morgantown, WV",60379,0.12007486046473112,775,70
34620,2015,"Muncie, IN",52482,0.1372661102854312,724,58
34620,2016,"Muncie, IN",52426,0.10882005111967344,650,29
34620,2017,"Muncie, IN",52728,0.11644666970110758,691,50
34620,2018,"Muncie, IN",52731,0.14071419089340237,750,51
34620,2019,"Muncie, IN",52715,0.13421227354642892,709,51
34740,2015,"Muskegon, MI",73317,0.13778523398393278,714,27
34740,2016,"Muskegon, MI",73452,0.10913249469041006,727,34
34740,2017,"Muskegon, MI",74112,0.12860265544041452,697,30
34740,2018,"Muskegon, MI",74301,0.09562455417827485,751,46
34740,2019,"Muskegon, MI",74496,0.11204628436426117,727,25
34820,2015,"Myrtle Beach-Conway-North Myrtle Beach, SC-NC",279205,0.3739080603857381,873,25
34820,2016,"Myrtle Beach-Conway-North Myrtle Beach, SC-NC",284673,0.3683032813087297,894,31
34820,2017,"Myrtle Beach-Conway-North Myrtle Beach, SC-NC",294614,0.3724025334844916,919,29
34820,2018,"Myrtle Beach-Conway-North Myrtle Beach, SC-NC",303038,0.3796619565863027,933,36
34820,2019,"Myrtle Beach-Conway-North Myrtle Beach, SC-NC",310039,0.35891613635703895,1016,33
34900,2015,"Napa, CA",55480,0.10564167267483777,1516,78
34900,2016,"Napa, CA",55535,0.10757180156657964,1480,77
34900,2017,"Napa, CA",55858,0.14339933402556482,1777,101
34900,2018,"Napa, CA",55465,0.14693951140358785,1655,96
34900,2019,"Napa, CA",55659,0.13568335758817082,1835,124
34940,2015,"Naples-Immokalee-Marco Island, FL",206384,0.34633498720831074,1177,39
34940,2016,"Naples-Immokalee-Marco Island, FL",210147,0.33606951324549006,1230,55
34940,2017,"Naples-Immokalee-Marco Island, FL",214429,0.32679348409030495,1281,49
34940,2018,"Naples-Immokalee-Marco Island, FL",218279,0.339515024349571,1257,72
34940,2019,"Naples-Immokalee-Marco Island, FL",222289,0.36758903949363214,1397,55
34980,2015,"Nashville-Davidson--Murfreesboro--Franklin, TN",803894,0.0805155903639037,917,17
34980,2016,"Nashville-Davidson--Murfreesboro--Franklin, TN",820279,0.0763727951099565,973,14
34980,2017,"Nashville-Davidson--Murfreesboro--Franklin, TN",839851,0.0831290312210142,1030,18
34980,2018,"Nashville-Davidson--Murfreesboro--Franklin, TN",862013,0.0924452415450811,1081,21
34980,2019,"Nashville-Davidson--Murfreesboro--Franklin, TN",879517,0.092240400128707,1146,18
35300,2015,"New Haven-Milford, CT",362707,0.10873239281293165,1070,25
35300,2016,"New Haven-Milford, CT",363122,0.09793127378677138,1094,19
35300,2017,"New Haven-Milford, CT",367217,0.11540860036436222,1107,21
35300,2018,"New Haven-Milford, CT",367766,0.08762909023672662,1150,26
35300,2019,"New Haven-Milford, CT",368680,0.10760551155473581,1151,20
35380,2015,"New Orleans-Metairie, LA",555670,0.1331977612611802,920,12
35380,2016,"New Orleans-Metairie, LA",558394,0.13505338524411079,931,16
35380,2017,"New Orleans-Metairie, LA",558376,0.13709400117483558,965,15
35380,2018,"New Orleans-Metairie, LA",559529,0.1377748070251944,977,14
35380,2019,"New Orleans-Metairie, LA",561747,0.13614669949283217,983,13
35620,2015,"New York-Newark-Jersey City, NY-NJ-PA",7854175,0.09555542116135686,1308,7
35620,2016,"New York-Newark-Jersey City, NY-NJ-PA",7880548,0.09946541788718247,1346,6
35620,2017,"New York-Newark-Jersey City, NY-NJ-PA",7944570,0.09576666830300444,1379,8
35620,2018,"New York-Newark-Jersey City, NY-NJ-PA",7981962,0.09048000980210129,1434,6
35620,2019,"New York-Newark-Jersey City, NY-NJ-PA",8024682,0.08745056813466254,1482,8
35660,2015,"Niles-Benton Harbor, MI",76802,0.16305564959245852,688,28
35660,2016,"Niles-Benton Harbor, MI",76836,0.18607163308865635,692,39
35660,2017,"Niles-Benton Harbor, MI",77508,0.17213706972183518,750,30
35660,2018,"Niles-Benton Harbor, MI",77645,0.16565136196793095,686,34
35660,2019,"Niles-Benton Harbor, MI",77902,0.206580062129342,775,50
35840,2015,"North Port-Sarasota-Bradenton, FL",414730,0.24650495503098402,1056,28
35840,2016,"North Port-Sarasota-Bradenton, FL",420970,0.24303869634415753,1111,27
35840,2017,"North Port-Sarasota-Bradenton, FL",431043,0.23686731950176665,1171,28
35840,2018,"North Port-Sarasota-Bradenton, FL",438587,0.23724369395353714,1267,44
35840,2019,"North Port-Sarasota-Bradenton, FL",448252,0.25804904384141064,1284,50
35980,2015,"Norwich-New London, CT",121660,0.13383199079401611,1061,45
35980,2016,"Norwich-New London, CT",121911,0.13779724553157632,1048,41
35980,2017,"Norwich-New London, CT",123345,0.13113624386882322,1048,50
35980,2018,"Norwich-New London, CT",123618,0.12554805934410845,1115,35
35980,2019,"Norwich-New London, CT",124127,0.11646136618141098,1140,45
36100,2015,"Ocala, FL",163801,0.23549306780788884,776,30
36100,2016,"Ocala, FL",164414,0.18353059958397702,836,42
36100,2017,"Ocala, FL",168373,0.16483046569224283,857,25
36100,2018,"Ocala, FL",170483,0.15879589167248348,901,39
36100,2019,"Ocala, FL",173200,0.15922632794457275,970,42
36140,2015,"Ocean City, NJ",104604,0.5835436503384192,1072,72
36140,2016,"Ocean City, NJ",104611,0.5907887315865444,1063,63
36140,2017,"Ocean City, NJ",104890,0.5758318238154256,1065,155
36140,2018,"Ocean City, NJ",105016,0.5843014397806049,1107,60
36140,2019,"Ocean City, NJ",104955,0.5685293697298842,1286,112
36220,2015,"Odessa, TX",56967,0.08778766654378851,1045,84
36220,2016,"Odessa, TX",57602,0.11440574980035416,897,46
36220,2017,"Odessa, TX",58178,0.11671078414520952,944,43
36220,2018,"Odessa, TX",58685,0.0742779245122263,1028,75
36220,2019,"Odessa, TX",59599,0.1081226195070387,1141,44
36260,2015,"Ogden-Clearfield, UT",193583,0.06506769706017573,886,39
36260,2016,"Ogden-Clearfield, UT",196002,0.06548912766196263,888,30
36260,2017,"Ogden-Clearfield, UT",200704,0.0618522799744898,931,30
36260,2018,"Ogden-Clearfield, UT",203633,0.06657565325855828,1000,35
36260,2019,"Ogden-Clearfield, UT",206776,0.046214260842650984,1063,44
36420,2015,"Oklahoma City, OK",594161,0.10599315673697869,821,13
36420,2016,"Oklahoma City, OK",599390,0.10539715377300256,801,14
36420,2017,"Oklahoma City, OK",605034,0.11224823728914408,851,15
36420,2018,"Oklahoma City, OK",609414,0.09954316769880574,879,13
36420,2019,"Oklahoma City, OK",612763,0.10312306715646996,876,16
36500,2015,"Olympia-Tumwater, WA",112535,0.06554405296130093,1044,38
36500,2016,"Olympia-Tumwater, WA",113314,0.0657465096987133,1136,41
36500,2017,"Olympia-Tumwater, WA",116820,0.04060948467728129,1203,35
36500,2018,"Olympia-Tumwater, WA",117860,0.060631257424062446,1222,38
36500,2019,"Olympia-Tumwater, WA",119553,0.05556531412846186,1255,60
36540,2015,"Omaha-Council Bluffs, NE-IA",422421,0.07520696177510114,835,16
36540,2016,"Omaha-Council Bluffs, NE-IA",425931,0.07740925173326196,871,15
36540,2017,"Omaha-Council Bluffs, NE-IA",431461,0.07263692431065612,891,20
36540,2018,"Omaha-Council Bluffs, NE-IA",435297,0.07483626121935139,910,21
36540,2019,"Omaha-Council Bluffs, NE-IA",439146,0.07402777208491025,949,16
36740,2015,"Orlando-Kissimmee-Sanford, FL",963807,0.1454284934639404,1070,15
36740,2016,"Orlando-Kissimmee-Sanford, FL",981469,0.14357559943309467,1118,12
36740,2017,"Orlando-Kissimmee-Sanford, FL",1007836,0.15486845081937933,1151,12
36740,2018,"Orlando-Kissimmee-Sanford, FL",1026430,0.1648071471020917,1217,16
36740,2019,"Orlando-Kissimmee-Sanford, FL",1047944,0.1749778614124419,1303,19
36780,2015,"Oshkosh-Neenah, WI",74531,0.06567736914840805,695,33
36780,2016,"Oshkosh-Neenah, WI",75111,0.06879152188094953,744,50
36780,2017,"Oshkosh-Neenah, WI",75633,0.07435907606468076,738,47
36780,2018,"Oshkosh-Neenah, WI",76015,0.06161941722028547,735,39
36780,2019,"Oshkosh-Neenah, WI",76311,0.06646486089816671,795,43
36980,2015,"Owensboro, KY",46324,0.0856143683619722,623,41
36980,2016,"Owensboro, KY",46731,0.07960454516273993,686,47
36980,2017,"Owensboro, KY",47575,0.052506568575932736,778,41
36980,2018,"Owensboro, KY",47150,0.09633085896076352,767,20
36980,2019,"Owensboro, KY",47275,0.06436805922792173,788,35
37100,2015,"Oxnard-Thousand Oaks-Ventura, CA",285889,0.05709908391018892,1564,39
37100,2016,"Oxnard-Thousand Oaks-Ventura, CA",286737,0.06561064669017252,1647,42
37100,2017,"Oxnard-Thousand Oaks-Ventura, CA",288778,0.05779872427955038,1736,29
37100,2018,"Oxnard-Thousand Oaks-Ventura, CA",290984,0.06531630605119182,1747,40
37100,2019,"Oxnard-Thousand Oaks-Ventura, CA",291547,0.07896839960623844,1859,45
37340,2015,"Palm Bay-Melbourne-Titusville, FL",273134,0.17372791377126245,976,32
37340,2016,"Palm Bay-Melbourne-Titusville, FL",274559,0.1767853175455913,962,23
37340,2017,"Palm Bay-Melbourne-Titusville, FL",278139,0.17888178213051747,1013,48
37340,2018,"Palm Bay-Melbourne-Titusville, FL",280390,0.19269232140946538,1074,37
37340,2019,"Palm Bay-Melbourne-Titusville, FL",282830,0.1866386168369692,1132,31
37620,2015,"Parkersburg-Vienna, WV",46707,0.10201896931937397,642,32
37620,2016,"Parkersburg-Vienna, WV",46460,0.15297029702970297,675,39
37620,2017,"Parkersburg-Vienna, WV",46779,0.16706214326941576,715,28
37620,2018,"Parkersburg-Vienna, WV",47174,0.11175647602492898,727,41
37620,2019,"Parkersburg-Vienna, WV",46815,0.15191712058101037,650,82
37860,2015,"Pensacola-Ferry Pass-Brent, FL",207635,0.14429648180701712,911,25
37860,2016,"Pensacola-Ferry Pass-Brent, FL",209846,0.13975486785547497,925,32
37860,2017,"Pensacola-Ferry Pass-Brent, FL",213304,0.1344653639875483,975,29
37860,2018,"Pensacola-Ferry Pass-Brent, FL",215510,0.15219247366711522,999,36
37860,2019,"Pensacola-Ferry Pass-Brent, FL",217666,0.14178144496614078,1040,40
37980,2015,"Philadelphia-Camden-Wilmington, PA-NJ-DE-MD",2470428,0.09050253640259906,1062,10
37980,2016,"Philadelphia-Camden-Wilmington, PA-NJ-DE-MD",2476449,0.08975189878733622,1073,9
37980,2017,"Philadelphia-Camden-Wilmington, PA-NJ-DE-MD",2501222,0.08242611011737462,1082,9
37980,2018,"Philadelphia-Camden-Wilmington, PA-NJ-DE-MD",2510343,0.08493421018562006,1134,11
37980,2019,"Philadelphia-Camden-Wilmington, PA-NJ-DE-MD",2521324,0.07365693580039694,1162,11
38060,2015,"Phoenix-Mesa-Scottsdale, AZ",1854324,0.13478119249926118,986,9
38060,2016,"Phoenix-Mesa-Scottsdale, AZ",1876793,0.12099736092366073,1040,9
38060,2017,"Phoenix-Mesa-Scottsdale, AZ",1906872,0.12325945317776967,1091,9
38060,2018,"Phoenix-Mesa-Scottsdale, AZ",1934825,0.1079275903505485,1117,11
38060,2019,"Phoenix-Mesa-Scottsdale, AZ",1965378,0.10413925463702148,1188,11
38300,2015,"Pittsburgh, PA",1084195,0.1060159842094826,756,12
38300,2016,"Pittsburgh, PA",1086762,0.11121754349158325,766,13
38300,2017,"Pittsburgh, PA",1103253,0.11431013557180447,794,13
38300,2018,"Pittsburgh, PA",1107381,0.10246067071766628,832,13
38300,2019,"Pittsburgh, PA",1111068,0.09299160807439329,847,14
38340,2015,"Pittsfield, MA",68406,0.1887115165336374,821,35
38340,2016,"Pittsfield, MA",68451,0.20813428583950563,819,45
38340,2017,"Pittsfield, MA",69240,0.21730213749277874,818,51
38340,2018,"Pittsfield, MA",69393,0.20435778824953527,894,76
38340,2019,"Pittsfield, MA",69223,0.22293168455571125,864,66
38860,2015,"Portland-South Portland, ME",267097,0.20537857033212653,958,20
38860,2016,"Portland-South Portland, ME",268504,0.1925706879599559,956,32
38860,2017,"Portland-South Portland, ME",273401,0.20953105511684303,990,28
38860,2018,"Portland-South Portland, ME",275704,0.17212662855816382,1068,32
38860,2019,"Portland-South Portland, ME",278064,0.18435683871338973,1102,34
38900,2015,"Portland-Vancouver-Hillsboro, OR-WA",964369,0.059199331376267796,1071,14
38900,2016,"Portland-Vancouver-Hillsboro, OR-WA",977084,0.05485505852106881,1158,14
38900,2017,"Portland-Vancouver-Hillsboro, OR-WA",997994,0.057449243181822734,1238,15
38900,2018,"Portland-Vancouver-Hillsboro, OR-WA",1013629,0.050585569276332856,1323,14
38900,2019,"Portland-Vancouver-Hillsboro, OR-WA",1027116,0.05513593401329548,1356,14
38940,2015,"Port St. Lucie, FL",217326,0.19976440922853225,997,33
38940,2016,"Port St. Lucie, FL",218566,0.20118865697317972,1094,44
38940,2017,"Port St. Lucie, FL",221182,0.2018337839426355,1157,48
38940,2018,"Port St. Lucie, FL",223168,0.185201283338113,1254,71
38940,2019,"Port St. Lucie, FL",226839,0.1980479547167815,1198,65
39140,2015,"Prescott, AZ",113085,0.1606313834726091,868,42
39140,2016,"Prescott, AZ",114797,0.17278326088660853,919,72
39140,2017,"Prescott, AZ",116534,0.15587725470678085,943,35
39140,2018,"Prescott, AZ",118410,0.14841651887509502,864,33
39300,2015,"Providence-Warwick, RI-MA",711041,0.10779547170978888,910,13
39300,2016,"Providence-Warwick, RI-MA",710842,0.10980077147945676,903,15
39300,2017,"Providence-Warwick, RI-MA",717866,0.11212677574923453,916,15
39300,2018,"Providence-Warwick, RI-MA",720674,0.1213724929718569,956,17
39300,2019,"Providence-Warwick, RI-MA",721498,0.1154680955456564,1003,22
39340,2015,"Provo-Orem, UT",162531,0.04578818809950102,956,34
39340,2016,"Provo-Orem, UT",166767,0.054069450190985024,936,33
39340,2017,"Provo-Orem, UT",172795,0.04685899476257994,1008,40
39340,2018,"Provo-Orem, UT",180020,0.049455616042661923,1057,39
39340,2019,"Provo-Orem, UT",186495,0.04501461165178691,1121,37
39380,2015,"Pueblo, CO",66084,0.11255371950850433,752,68
39380,2016,"Pueblo, CO",66595,0.10775583752533974,813,41
39380,2017,"Pueblo, CO",67391,0.0800106839192177,781,26
39380,2018,"Pueblo, CO",67642,0.08120694243221667,775,35
39380,2019,"Pueblo, CO",67697,0.07093371936718022,860,60
39460,2015,"Punta Gorda, FL",101781,0.28599640404397675,932,46
39460,2016,"Punta Gorda, FL",102717,0.2684073717106224,953,50
39460,2017,"Punta Gorda, FL",103986,0.2686034658511723,952,75
39460,2018,"Punta Gorda, FL",105164,0.28706591609295956,1050,76
39460,2019,"Punta Gorda, FL",107124,0.2850435009895075,1006,87
39540,2015,"Racine, WI",82334,0.08956202783783128,800,43
39540,2016,"Racine, WI",82374,0.07833782504188215,831,27
39540,2017,"Racine, WI",82775,0.0640531561461794,825,40
39540,2018,"Racine, WI",82908,0.07357552950258117,847,30
39540,2019,"Racine, WI",83124,0.050755497810499976,833,41
39580,2015,"Raleigh, NC",536719,0.08026546479629006,971,14
39580,2016,"Raleigh, NC",547280,0.0866320713346002,1026,16
39580,2017,"Raleigh, NC",562149,0.08232692755835197,1073,16
39580,2018,"Raleigh, NC",575593,0.08607644637790939,1128,18
39580,2019,"Raleigh, NC",589641,0.080630417491321,1146,22
39740,2015,"Reading, PA",164907,0.07952967430127283,865,29
39740,2016,"Reading, PA",164961,0.08826934851267876,904,31
39740,2017,"Reading, PA",167054,0.07122846504723024,864,29
39740,2018,"Reading, PA",167383,0.061995543155517585,909,32
39740,2019,"Reading, PA",167863,0.07843300786951264,936,42
39820,2015,"Redding, CA",78112,0.10642410897173289,919,57
39820,2016,"Redding, CA",78303,0.07926899352515229,975,39
39820,2017,"Redding, CA",78846,0.08723334094310428,984,56
39820,2018,"Redding, CA",79187,0.13876015002462525,1084,55
39820,2019,"Redding, CA",78621,0.07513259816079673,1116,74
39900,2015,"Reno, NV",189001,0.08597838106676685,920,30
39900,2016,"Reno, NV",191390,0.08706828987930404,955,28
39900,2017,"Reno, NV",196545,0.0804802971329721,974,26
39900,2018,"Reno, NV",201065,0.07637331211299829,1097,34
39900,2019,"Reno, NV",205154,0.06978172494808778,1195,40
40060,2015,"Richmond, VA",514959,0.0741923143395882,1019,20
40060,2016,"Richmond, VA",519927,0.07623185562588594,1020,22
40060,2017,"Richmond, VA",520644,0.08876506787747482,1060,17
40060,2018,"Richmond, VA",528401,0.07182802454953718,1100,19
40060,2019,"Richmond, VA",534815,0.07958826884062713,1155,19
40140,2015,"Riverside-San Bernardino-Ontario, CA",1538540,0.12675523548299036,1166,14
40140,2016,"Riverside-San Bernardino-Ontario, CA",1545768,0.1278070189058125,1235,17
40140,2017,"Riverside-San Bernardino-Ontario, CA",1559532,0.13759384225524068,1268,17
40140,2018,"Riverside-San Bernardino-Ontario, CA",1574567,0.13198549188443554,1321,17
40140,2019,"Riverside-San Bernardino-Ontario, CA",1588556,0.13150811176943086,1413,21
40220,2015,"Roanoke, VA",158051,0.12410551024669253,803,35
40220,2016,"Roanoke, VA",156758,0.13197412572245118,767,20
40220,2017,"Roanoke, VA",159414,0.11419950568958812,789,36
40220,2018,"Roanoke, VA",157830,0.14378761959069886,894,37
40220,2019,"Roanoke, VA",158177,0.14779645586905807,835,34
40380,2015,"Rochester, NY",491590,0.10201794178075226,833,13
40380,2016,"Rochester, NY",493943,0.10257256404079013,836,12
40380,2017,"Rochester, NY",496962,0.10252695377111329,870,15
40380,2018,"Rochester, NY",498438,0.1110589481540332,894,15
40380,2019,"Rochester, NY",500377,0.10114373762183314,899,17
40420,2015,"Rockford, IL",145399,0.09084656703278564,729,22
40420,2016,"Rockford, IL",145284,0.07994686269651166,743,20
40420,2017,"Rockford, IL",145798,0.09134556029575165,775,29
40420,2018,"Rockford, IL",145829,0.0876300324352495,790,43
40420,2019,"Rockford, IL",145799,0.08409522699058293,836,29
40580,2015,"Rocky Mount, NC",67080,0.14354502087060225,688,34
40580,2016,"Rocky Mount, NC",67280,0.16539833531510106,666,26
40580,2017,"Rocky Mount, NC",68063,0.16132112895405726,742,61
40580,2018,"Rocky Mount, NC",68181,0.13694430999838664,760,35
40580,2019,"Rocky Mount, NC",68394,0.1442085563061087,783,33
40900,2015,"Sacramento--Roseville--Arden-Arcade, CA",889065,0.08972347353680551,1109,18
40900,2016,"Sacramento--Roseville--Arden-Arcade, CA",893831,0.08610688150220791,1159,18
40900,2017,"Sacramento--Roseville--Arden-Arcade, CA",901894,0.08003268676806809,1246,16
40900,2018,"Sacramento--Roseville--Arden-Arcade, CA",911214,0.08314402544298047,1332,19
40900,2019,"Sacramento--Roseville--Arden-Arcade, CA",918822,0.07024320270955636,1390,17
40980,2015,"Saginaw, MI",86824,0.11071823458951442,720,35
40980,2016,"Saginaw, MI",87039,0.0981743815990533,751,46
40980,2017,"Saginaw, MI",87586,0.07568561185577603,740,32
40980,2018,"Saginaw, MI",87810,0.10329119690240292,747,42
40980,2019,"Saginaw, MI",88021,0.10191886027198055,761,35
41100,2015,"St. George, UT",63957,0.17987085072783277,936,63
41100,2016,"St. George, UT",65472,0.2092192082111437,982,54
41100,2017,"St. George, UT",68214,0.1770164482364324,984,106
41100,2018,"St. George, UT",71349,0.16098333543567533,984,47
41100,2019,"St. George, UT",74059,0.14840870117068825,1002,108
41140,2015,"St. Joseph, MO-KS",50019,0.12909094544073252,728,35
41140,2016,"St. Joseph, MO-KS",50133,0.11108451518959568,706,49
41140,2017,"St. Joseph, MO-KS",50447,0.12087933871191547,733,27
41140,2018,"St. Joseph, MO-KS",50500,0.13405940594059407,736,47
41140,2019,"St. Joseph, MO-KS",50497,0.12727488761708616,762,39
41180,2015,"St. Louis, MO-IL",1259438,0.10973545343240397,839,10
41180,2016,"St. Louis, MO-IL",1264746,0.10995093085884439,861,13
41180,2017,"St. Louis, MO-IL",1275209,0.11203026327449069,868,11
41180,2018,"St. Louis, MO-IL",1280891,0.10275113182932819,891,12
41180,2019,"St. Louis, MO-IL",1285559,0.09982038941814417,883,11
41500,2015,"Salinas, CA",158703,0.08967694372507136,1290,44
41500,2016,"Salinas, CA",159226,0.09970733422933441,1314,50
41500,2017,"Salinas, CA",160533,0.11101767237888784,1467,47
41500,2018,"Salinas, CA",161839,0.10367711120310927,1511,52
41500,2019,"Salinas, CA",163192,0.09656723368792589,1658,53
41540,2015,"Salisbury, MD-DE",240002,0.35731785568453595,981,36
41540,2016,"Salisbury, MD-DE",242951,0.3864071355952435,954,50
41540,2017,"Salisbury, MD-DE",249199,0.3815625263343753,948,37
41540,2018,"Salisbury, MD-DE",251638,0.3589799632805856,1003,48
41540,2019,"Salisbury, MD-DE",254749,0.3451043968769259,1027,57
41620,2015,"Salt Lake City, UT",419710,0.061675919086988634,964,15
41620,2016,"Salt Lake City, UT",426037,0.05185699833582529,1026,26
41620,2017,"Salt Lake City, UT",437790,0.05290207633797026,1068,25
41620,2018,"Salt Lake City, UT",445240,0.0565762285508939,1133,23
41620,2019,"Salt Lake City, UT",454026,0.06639047103029341,1181,19
41660,2015,"San Angelo, TX",48282,0.0799469781699184,883,47
41660,2016,"San Angelo, TX",48470,0.10259954611099649,848,66
41660,2017,"San Angelo, TX",48481,0.13244363771374354,822,48
41660,2018,"San Angelo, TX",48619,0.10938110615191592,855,55
41660,2019,"San Angelo, TX",48910,0.10848497239828256,952,106
41700,2015,"San Antonio-New Braunfels, TX",845423,0.09265302694627423,926,15
41700,2016,"San Antonio-New Braunfels, TX",854003,0.09554064798367219,954,14
41700,2017,"San Antonio-New Braunfels, TX",866588,0.09386698177219163,959,16
41700,2018,"San Antonio-New Braunfels, TX",877689,0.0902369746003425,1002,18
41700,2019,"San Antonio-New Braunfels, TX",885753,0.09127036544047833,1057,17
41740,2015,"San Diego-Carlsbad, CA",1194494,0.06771402786451837,1427,17
41740,2016,"San Diego-Carlsbad, CA",1202230,0.07637806409755205,1504,21
41740,2017,"San Diego-Carlsbad, CA",1214151,0.07235838046503276,1598,20
41740,2018,"San Diego-Carlsbad, CA",1224390,0.07634658891366312,1668,19
41740,2019,"San Diego-Carlsbad, CA",1233923,0.08224905443856707,1758,13
41860,2015,"San Francisco-Oakland-Hayward, CA",1782071,0.051890188438058864,1623,18
41860,2016,"San Francisco-Oakland-Hayward, CA",1792249,0.056055269106022654,1757,16
41860,2017,"San Francisco-Oakland-Hayward, CA",1808813,0.06331942550169642,1853,19
41860,2018,"San Francisco-Oakland-Hayward, CA",1825205,0.06916209412093437,1944,22
41860,2019,"San Francisco-Oakland-Hayward, CA",1841530,0.06533643220582885,2057,28
41940,2015,"San Jose-Sunnyvale-Santa Clara, CA",660622,0.04062535004889332,1894,26
41940,2016,"San Jose-Sunnyvale-Santa Clara, CA",665018,0.04422436685924291,2044,33
41940,2017,"San Jose-Sunnyvale-Santa Clara, CA",671151,0.055637255997532595,2213,31
41940,2018,"San Jose-Sunnyvale-Santa Clara, CA",678453,0.04926354515345942,2283,28
41940,2019,"San Jose-Sunnyvale-Santa Clara, CA",686194,0.062182123422822116,2374,30
42020,2015,"San Luis Obispo-Paso Robles-Arroyo Grande, CA",120134,0.1279737626317279,1254,75
42020,2016,"San Luis Obispo-Paso Robles-Arroyo Grande, CA",120866,0.12040606953154734,1313,52
42020,2017,"San Luis Obispo-Paso Robles-Arroyo Grande, CA",121918,0.1425056185304877,1403,59
42020,2018,"San Luis Obispo-Paso Robles-Arroyo Grande, CA",122971,0.13639801253954184,1430,52
42020,2019,"San Luis Obispo-Paso Robles-Arroyo Grande, CA",123969,0.14080939589736144,1654,56
42100,2015,"Santa Cruz-Watsonville, CA",105525,0.11567874911158493,1442,62
42100,2016,"Santa Cruz-Watsonville, CA",105635,0.08876792729682396,1594,97
42100,2017,"Santa Cruz-Watsonville, CA",106329,0.09769677134177882,1680,67
42100,2018,"Santa Cruz-Watsonville, CA",106718,0.10985963005303698,1685,82
42100,2019,"Santa Cruz-Watsonville, CA",107000,0.08810280373831776,1785,82
42140,2015,"Santa Fe, NM",71877,0.15630869401894903,951,34
42140,2016,"Santa Fe, NM",71875,0.16388173913043477,971,50
42140,2017,"Santa Fe, NM",73156,0.1674913882661709,976,29
42140,2018,"Santa Fe, NM",73463,0.1464138409811742,1076,59
42140,2019,"Santa Fe, NM",73550,0.15457511896668932,1030,101
42200,2015,"Santa Maria-Santa Barbara, CA",154919,0.07024315932842325,1419,42
42200,2016,"Santa Maria-Santa Barbara, CA",155962,0.08664931201190033,1542,59
42200,2017,"Santa Maria-Santa Barbara, CA",156806,0.061120110199864804,1587,61
42200,2018,"Santa Maria-Santa Barbara, CA",158315,0.07637305372200992,1653,41
42200,2019,"Santa Maria-Santa Barbara, CA",158917,0.08067104211632488,1660,54
42220,2015,"Santa Rosa, CA",207891,0.08287516054086036,1376,41
42220,2016,"Santa Rosa, CA",208061,0.09924973925915957,1526,58
42220,2017,"Santa Rosa, CA",209308,0.09784623616870831,1607,50
42220,2018,"Santa Rosa, CA",205247,0.08678811383357612,1655,53
42220,2019,"Santa Rosa, CA",208293,0.08451076128338446,1757,57
42540,2015,"Scranton--Wilkes-Barre--Hazleton, PA",229131,0.14366890556057452,753,18
42540,2016,"Scranton--Wilkes-Barre--Hazleton, PA",230803,0.14839495153875817,712,15
42540,2017,"Scranton--Wilkes-Barre--Hazleton, PA",233763,0.15040874732100462,764,17
42540,2018,"Scranton--Wilkes-Barre--Hazleton, PA",233141,0.13342140593031684,793,26
42540,2019,"Scranton--Wilkes-Barre--Hazleton, PA",235127,0.12355450458688283,798,21
42660,2015,"Seattle-Tacoma-Bellevue, WA",1529935,0.06064244559409387,1263,17
42660,2016,"Seattle-Tacoma-Bellevue, WA",1552272,0.056262046857767194,1325,15
42660,2017,"Seattle-Tacoma-Bellevue, WA",1590659,0.06314426913625108,1443,17
42660,2018,"Seattle-Tacoma-Bellevue, WA",1617428,0.0563969462628321,1563,19
42660,2019,"Seattle-Tacoma-Bellevue, WA",1644634,0.06291673405754715,1621,16
42680,2015,"Sebastian-Vero Beach, FL",77905,0.28767088120146334,911,49
42680,2016,"Sebastian-Vero Beach, FL",78629,0.29508196721311475,912,74
42680,2017,"Sebastian-Vero Beach, FL",80017,0.27460414661884347,906,61
42680,2018,"Sebastian-Vero Beach, FL",81037,0.28876932759110036,939,38
42680,2019,"Sebastian-Vero Beach, FL",82262,0.22300697770538036,1004,114
43100,2015,"Sheboygan, WI",50599,0.06247159034763533,688,39
43100,2016,"Sheboygan, WI",50606,0.05837252499703593,646,31
43100,2017,"Sheboygan, WI",50860,0.05302791977978765,716,57
43100,2018,"Sheboygan, WI",51352,0.0982434958716311,720,42
43100,2019,"Sheboygan, WI",51418,0.053035901824263876,750,40
43340,2015,"Shreveport-Bossier City, LA",187697,0.14171776853119655,754,22
43340,2016,"Shreveport-Bossier City, LA",188553,0.14968205226116796,768,20
43340,2017,"Shreveport-Bossier City, LA",190084,0.14948128195955473,789,36
43340,2018,"Shreveport-Bossier City, LA",190971,0.15867854281540128,811,34
43340,2019,"Shreveport-Bossier City, LA",191765,0.16508747685969807,852,31
43900,2015,"Spartanburg, SC",125372,0.09907315828095588,711,29
43900,2016,"Spartanburg, SC",126531,0.10328694154001786,722,31
43900,2017,"Spartanburg, SC",129194,0.10394445562487423,788,37
43900,2018,"Spartanburg, SC",131448,0.11739242894528634,776,22
43900,2019,"Spartanburg, SC",134034,0.0953265589328081,841,46
44060,2015,"Spokane-Spokane Valley, WA",263819,0.10680049579446514,781,18
44060,2016,"Spokane-Spokane Valley, WA",266308,0.10712408189014225,839,23
44060,2017,"Spokane-Spokane Valley, WA",273571,0.10515368953580606,852,21
44060,2018,"Spokane-Spokane Valley, WA",277016,0.0953807722297629,908,24
44060,2019,"Spokane-Spokane Valley, WA",280372,0.08754440529011456,934,23
44100,2015,"Springfield, IL",90789,0.08553899701505689,748,31
44100,2016,"Springfield, IL",90975,0.0881121187139324,757,21
44100,2017,"Springfield, IL",91745,0.0780532999073519,804,37
44100,2018,"Springfield, IL",91928,0.09705421634322513,830,38
44100,2019,"Springfield, IL",92270,0.09762653083342365,809,31
44140,2015,"Springfield, MA",238196,0.08156728072679642,906,24
44140,2016,"Springfield, MA",239366,0.06881094223908157,871,24
44140,2017,"Springfield, MA",239337,0.06861454768798807,913,24
44140,2018,"Springfield, MA",241115,0.07491445990502457,929,31
44140,2019,"Springfield, MA",241053,0.06680688479297084,952,22
44180,2015,"Springfield, MO",177972,0.08415368709684669,711,17
44180,2016,"Springfield, MO",179809,0.07694831738122118,697,17
44180,2017,"Springfield, MO",182510,0.08724453454605227,732,22
44180,2018,"Springfield, MO",184177,0.0558267318937761,746,18
44180,2019,"Springfield, MO",185847,0.029701851523027005,761,21
44220,2015,"Springfield, OH",61113,0.11259470161831361,696,20
44220,2016,"Springfield, OH",61032,0.10623934984925941,755,30
44220,2017,"Springfield, OH",61265,0.11815881824859219,675,28
44220,2018,"Springfield, OH",61307,0.0975418793938702,713,62
44220,2019,"Springfield, OH",61251,0.11175327749751024,739,40
44300,2015,"State College, PA",65474,0.14292696337477473,945,64
44300,2016,"State College, PA",65766,0.1270565337712496,982,54
44300,2017,"State College, PA",66733,0.12143916802781232,920,50
44300,2018,"State College, PA",67155,0.12867247412701957,902,38
44300,2019,"State College, PA",67401,0.12519102090473436,995,43
44700,2015,"Stockton-Lodi, CA",238626,0.06522340398783033,1036,33
44700,2016,"Stockton-Lodi, CA",240618,0.05582292264086643,1105,31
44700,2017,"Stockton-Lodi, CA",242821,0.06670345645557839,1148,35
44700,2018,"Stockton-Lodi, CA",245561,0.05555442435891693,1243,37
44700,2019,"Stockton-Lodi, CA",248673,0.07411741524009442,1260,46
45060,2015,"Syracuse, NY",294781,0.12540496164949572,813,16
45060,2016,"Syracuse, NY",296093,0.13094196755749038,790,17
45060,2017,"Syracuse, NY",300097,0.12786199128948306,821,19
45060,2018,"Syracuse, NY",299976,0.13147385124143265,829,19
45060,2019,"Syracuse, NY",302589,0.1374504691181768,848,17
45300,2015,"Tampa-St. Petersburg-Clearwater, FL",1385082,0.15766503355036018,976,9
45300,2016,"Tampa-St. Petersburg-Clearwater, FL",1397812,0.14752269976219978,1030,13
45300,2017,"Tampa-St. Petersburg-Clearwater, FL",1419660,0.14802347040840766,1070,13
45300,2018,"Tampa-St. Petersburg-Clearwater, FL",1435397,0.14499054965281383,1128,10
45300,2019,"Tampa-St. Petersburg-Clearwater, FL",1450606,0.15315805945928804,1160,13
45780,2015,"Toledo, OH",301817,0.1396574745624004,695,11
45780,2016,"Toledo, OH",301211,0.12046704801617471,692,16
45780,2017,"Toledo, OH",303232,0.13568488813845506,709,20
45780,2018,"Toledo, OH",303770,0.13233367350297923,744,19
45780,2019,"Toledo, OH",304246,0.11884790597082624,760,21
45820,2015,"Topeka, KS",101488,0.11322520889169163,755,37
45820,2016,"Topeka, KS",100507,0.12634940849891052,723,28
45820,2017,"Topeka, KS",101259,0.08564177011426145,763,38
45820,2018,"Topeka, KS",102057,0.09778849074536779,825,26
45820,2019,"Topeka, KS",102682,0.09827428371087435,804,36
45940,2015,"Trenton, NJ",144485,0.11433020728795376,1154,51
45940,2016,"Trenton, NJ",144734,0.113325134384457,1159,40
45940,2017,"Trenton, NJ",144902,0.1114132310113042,1271,51
45940,2018,"Trenton, NJ",145132,0.08373756304605462,1264,57
45940,2019,"Trenton, NJ",145133,0.098413179635231135,1234,50
46060,2015,"Tucson, AZ",452104,0.1241108240581813,824,19
46060,2016,"Tucson, AZ",456576,0.12208701289599103,852,21
46060,2017,"Tucson, AZ",459912,0.12250387030562368,887,24
46060,2018,"Tucson, AZ",462778,0.13063499129172088,887,21
46060,2019,"Tucson, AZ",466337,0.11994330280462412,905,22
46220,2015,"Tuscaloosa, AL",97704,0.19868173258003766,778,42
46220,2016,"Tuscaloosa, AL",98293,0.17495650758446685,775,23
46220,2017,"Tuscaloosa, AL",100736,0.21628811944091486,825,32
46220,2018,"Tuscaloosa, AL",102272,0.20664502503128912,831,41
46220,2019,"Tuscaloosa, AL",102676,0.20015388211461296,858,40
46340,2015,"Tyler, TX",88869,0.11802765868863158,852,27
46340,2016,"Tyler, TX",89331,0.15155992880411057,856,44
46340,2017,"Tyler, TX",90324,0.14426951862185022,883,61
46340,2018,"Tyler, TX",91101,0.15116189723493706,954,87
46340,2019,"Tyler, TX",91844,0.14419014851269543,994,50
46520,2015,"Urban Honolulu, HI",343893,0.10577417975940191,1638,47
46520,2016,"Urban Honolulu, HI",347391,0.11022162347326211,1621,47
46520,2017,"Urban Honolulu, HI",350746,0.1088907642567556,1712,41
46520,2018,"Urban Honolulu, HI",352582,0.12585157495277693,1726,46
46520,2019,"Urban Honolulu, HI",354605,0.10790597989312052,1774,57
46540,2015,"Utica-Rome, NY",127993,0.1694155149109717,719,27
46540,2016,"Utica-Rome, NY",129693,0.186956890502957,691,24
46540,2017,"Utica-Rome, NY",130716,0.18731448330732275,712,29
46540,2018,"Utica-Rome, NY",131331,0.19205671166746618,744,23
46540,2019,"Utica-Rome, NY",131010,0.1712312037249065,728,31
46700,2015,"Vallejo-Fairfield, CA",155637,0.0651194767311115,1320,46
46700,2016,"Vallejo-Fairfield, CA",156826,0.04879930623748613,1427,46
46700,2017,"Vallejo-Fairfield, CA",157915,0.04298515023905265,1549,64
46700,2018,"Vallejo-Fairfield, CA",158815,0.04108553977898813,1633,48
46700,2019,"Vallejo-Fairfield, CA",159804,0.05889089134189382,1723,53
47260,2015,"Virginia Beach-Norfolk-Newport News, VA-NC",680430,0.08958011845450671,1106,16
47260,2016,"Virginia Beach-Norfolk-Newport News, VA-NC",684394,0.1008439583047192,1117,16
47260,2017,"Virginia Beach-Norfolk-Newport News, VA-NC",687594,0.09985834664060478,1124,19
47260,2018,"Virginia Beach-Norfolk-Newport News, VA-NC",690509,0.08622914400826057,1146,16
47260,2019,"Virginia Beach-Norfolk-Newport News, VA-NC",694611,0.08139807748509598,1178,16
47300,2015,"Visalia-Porterville, CA",146554,0.08018887236104098,853,21
47300,2016,"Visalia-Porterville, CA",147537,0.08058317574574514,869,31
47300,2017,"Visalia-Porterville, CA",148986,0.07658437705556227,911,38
47300,2018,"Visalia-Porterville, CA",150217,0.07336053842108417,905,36
47300,2019,"Visalia-Porterville, CA",151599,0.04939346565610591,1014,44
47380,2015,"Waco, TX",98660,0.11505169268193798,813,37
47380,2016,"Waco, TX",100051,0.12881430470460065,808,40
47380,2017,"Waco, TX",101601,0.1035029182783634,816,42
47380,2018,"Waco, TX",102458,0.1005289972476527,882,37
47380,2019,"Waco, TX",103174,0.09840657529997868,877,31
47900,2015,"Washington-Arlington-Alexandria, DC-VA-MD-WV",2288058,0.06473743235529869,1553,14
47900,2016,"Washington-Arlington-Alexandria, DC-VA-MD-WV",2304566,0.06356164240902626,1570,15
47900,2017,"Washington-Arlington-Alexandria, DC-VA-MD-WV",2318688,0.06423675802867829,1629,13
47900,2018,"Washington-Arlington-Alexandria, DC-VA-MD-WV",2336074,0.058511845087099126,1670,14
47900,2019,"Washington-Arlington-Alexandria, DC-VA-MD-WV",2355636,0.062145849358729445,1708,12
48140,2015,"Wausau, WI",58629,0.06943662692524177,721,52
48140,2016,"Wausau, WI",58716,0.060784113359220654,708,50
48140,2017,"Wausau, WI",59217,0.06977725990847224,685,44
48140,2018,"Wausau, WI",59706,0.05796737346330352,756,35
48140,2019,"Wausau, WI",59943,0.08638206295981182,750,32
48300,2015,"Wenatchee, WA",52787,0.21751567620815732,796,42
48300,2016,"Wenatchee, WA",53240,0.18884297520661156,830,65
48300,2017,"Wenatchee, WA",54620,0.22246429879165142,852,38
48300,2018,"Wenatchee, WA",55248,0.13379669852302345,932,64
48300,2019,"Wenatchee, WA",56052,0.20646899307785627,959,59
48620,2015,"Wichita, KS",256302,0.09330399294582173,751,23
48620,2016,"Wichita, KS",257770,0.098211583970206,760,16
48620,2017,"Wichita, KS",260653,0.1039734819856284,789,20
48620,2018,"Wichita, KS",262880,0.10129336579427876,785,14
48620,2019,"Wichita, KS",264318,0.10093523710076499,838,20
48660,2015,"Wichita Falls, TX",56105,0.14323144104803492,743,35
48660,2016,"Wichita Falls, TX",56083,0.11762922810833942,748,47
48660,2017,"Wichita Falls, TX",55998,0.13600485731633272,760,68
48660,2018,"Wichita Falls, TX",56007,0.1651400717767422,750,56
48660,2019,"Wichita Falls, TX",56193,0.14019539800331002,776,46
48900,2015,"Wilmington, NC",134640,0.17151663695781344,935,34
48900,2016,"Wilmington, NC",137086,0.16822286739710837,921,37
48900,2017,"Wilmington, NC",140330,0.15925318891185064,911,29
48900,2018,"Wilmington, NC",142860,0.15381492370152597,1056,50
48900,2019,"Wilmington, NC",144853,0.15960318391748876,1093,41
49180,2015,"Winston-Salem, NC",281815,0.10839380444617923,725,15
49180,2016,"Winston-Salem, NC",283850,0.12149022370970583,716,18
49180,2017,"Winston-Salem, NC",286869,0.11450871303626393,730,19
49180,2018,"Winston-Salem, NC",289990,0.10078278561329701,754,21
49180,2019,"Winston-Salem, NC",293820,0.11470968620243686,792,20
49340,2015,"Worcester, MA-CT",377229,0.09065050672138145,972,22
49340,2016,"Worcester, MA-CT",378042,0.07929277699303253,957,16
49340,2017,"Worcester, MA-CT",382298,0.08464077761327551,974,25
49340,2018,"Worcester, MA-CT",384243,0.08461312242513201,1053,23
49340,2019,"Worcester, MA-CT",388263,0.06301141236739015,1086,24
49420,2015,"Yakima, WA",86568,0.056129285648276496,764,23
49420,2016,"Yakima, WA",86728,0.06510008301817176,770,35
49420,2017,"Yakima, WA",88610,0.07340029342060715,771,38
49420,2018,"Yakima, WA",89129,0.0651639758103423,797,47
49420,2019,"Yakima, WA",89751,0.06417755791021827,839,41
49620,2015,"York-Hanover, PA",181066,0.08502424530281776,890,28
49620,2016,"York-Hanover, PA",181463,0.06380915117682393,884,28
49620,2017,"York-Hanover, PA",184156,0.06719846217337475,954,29
49620,2018,"York-Hanover, PA",184880,0.05907615750757248,930,37
49620,2019,"York-Hanover, PA",185652,0.055006140520974724,950,24
49660,2015,"Youngstown-Warren-Boardman, OH-PA",258250,0.1144511132623427,634,15
49660,2016,"Youngstown-Warren-Boardman, OH-PA",257872,0.11418067878637464,651,18
49660,2017,"Youngstown-Warren-Boardman, OH-PA",259410,0.10787170887783817,654,16
49660,2018,"Youngstown-Warren-Boardman, OH-PA",259297,0.12271256512801922,660,20
49660,2019,"Youngstown-Warren-Boardman, OH-PA",259281,0.11045545180711275,675,15
49700,2015,"Yuba City, CA",62392,0.06621041159122965,902,50
49700,2016,"Yuba City, CA",62654,0.057618029176110065,915,47
49700,2017,"Yuba City, CA",63008,0.0767362874555612,1018,70
49700,2018,"Yuba City, CA",63163,0.07889112296756012,942,48
49700,2019,"Yuba City, CA",63628,0.05910919720877601,1087,63
49740,2015,"Yuma, AZ",90485,0.20703984085760072,756,58
49740,2016,"Yuma, AZ",91314,0.19977221455636596,744,32
49740,2017,"Yuma, AZ",92441,0.19278242338356358,863,60
49740,2018,"Yuma, AZ",93571,0.20348184800846417,884,61
49740,2019,"Yuma, AZ",94648,0.21772250866368018,829,64
