year,met2013,metarea_name,total_units,vacancy_rate
2015,0,Not in identifiable area,32377912,0.18131181528938617
2015,10420,"Akron, OH",313518,0.09907884076831314
2015,10580,"Albany-Schenectady-Troy, NY",381333,0.13471952335622672
2015,10740,"Albuquerque, NM",373902,0.09560794004846189
2015,10900,"Allentown-Bethlehem-Easton, PA-NJ",345251,0.08766665411541169
2015,11100,"Amarillo, TX",103381,0.10972035480407424
2015,11260,"Anchorage, AK",187047,0.15789614374996658
2015,11460,"Ann Arbor, MI",150083,0.0798624760965599
2015,11500,"Anniston-Oxford-Jacksonville, AL",53323,0.1687827016484444
2015,11700,"Asheville, NC",257619,0.1811978153785241
2015,12060,"Atlanta-Sandy Springs-Roswell, GA",2224754,0.09312849870142946
2015,12100,"Atlantic City-Hammonton, NJ",122280,0.20709028459273798
2015,12220,"Auburn-Opelika, AL",66385,0.1234314980793854
2015,12260,"Augusta-Richmond County, GA-SC",226687,0.15814757793786147
2015,12420,"Austin-Round Rock, TX",805946,0.08224248274698305
2015,12540,"Bakersfield, CA",293589,0.10325659340097892
2015,12580,"Baltimore-Columbia-Towson, MD",1134549,0.10147027585410591
2015,12620,"Bangor, ME",74332,0.20493192703008126
2015,12700,"Barnstable Town, MA",191689,0.43956095550605406
2015,12940,"Baton Rouge, LA",345319,0.12968878051888255
2015,13140,"Beaumont-Port Arthur, TX",168396,0.11870234447374046
2015,13380,"Bellingham, WA",93263,0.1419641229640908
2015,13460,"Bend-Redmond, OR",83886,0.17240063896240135
2015,13780,"Binghamton, NY",104381,0.1177417346068729
2015,13820,"Birmingham-Hoover, AL",508231,0.13381907046205369
2015,13900,"Bismarck, ND",62467,0.07856948468791522
2015,13980,"Blacksburg-Christiansburg-Radford, VA",79371,0.12567562459840495
2015,14010,"Bloomington, IL",71552,0.07284212880143112
2015,14020,"Bloomington, IN",60539,0.09813508647318257
2015,14260,"Boise City, ID",268253,0.05671511595396883
2015,14460,"Boston-Cambridge-Newton, MA-NH",1932298,0.06858828193166892
2015,14740,"Bremerton-Silverdale, WA",109608,0.1021275819283264
2015,14860,"Bridgeport-Stamford-Norwalk, CT",366129,0.08904238669976976
2015,15180,"Brownsville-Harlingen, TX",147515,0.1697929024167034
2015,15380,"Buffalo-Cheektowaga-Niagara Falls, NY",520994,0.10173245757148834
2015,15500,"Burlington, NC",68485,0.07873256917573192
2015,15540,"Burlington-South Burlington, VT",95152,0.10085967714814192
2015,15940,"Canton-Massillon, OH",179280,0.09178937974118696
2015,15980,"Cape Coral-Fort Myers, FL",379060,0.3043502347913259
2015,16580,"Champaign-Urbana, IL",90482,0.1194491722110475
2015,16620,"Charleston, WV",96899,0.12303532544195503
2015,16700,"Charleston-North Charleston, SC",318493,0.14057765790770912
2015,16740,"Charlotte-Concord-Gastonia, NC-SC",1010535,0.08784158886134573
2015,16860,"Chattanooga, TN-GA",231479,0.1255707861188272
2015,16980,"Chicago-Naperville-Elgin, IL-IN-WI",3792884,0.08950682383115328
2015,17020,"Chico, CA",98040,0.13006935944512443
2015,17140,"Cincinnati, OH-KY-IN",902906,0.09932816926678968
2015,17300,"Clarksville, TN-KY",132567,0.14370092104369867
2015,17460,"Cleveland-Elyria, OH",957518,0.11283860982247854
2015,17660,"Coeur d'Alene, ID",62650,0.09240223463687151
2015,17780,"College Station-Bryan, TX",85231,0.08920463211742206
2015,17820,"Colorado Springs, CO",281288,0.0705753533744774
2015,17860,"Columbia, MO",74446,0.07109851435940144
2015,17900,"Columbia, SC",346611,0.12687998938291054
2015,18140,"Columbus, OH",803008,0.08520961185940862
2015,18580,"Corpus Christi, TX",204638,0.15665712135575993
2015,19100,"Dallas-Fort Worth-Arlington, TX",2633340,0.07505031632831309
2015,19300,"Daphne-Fairhope-Foley, AL",108580,0.33441701970897036
2015,19380,"Dayton, OH",367957,0.10199017820017013
2015,19460,"Decatur, AL",66748,0.09066938335231019
2015,19500,"Decatur, IL",50307,0.11686246446816546
2015,19660,"Deltona-Daytona Beach-Ormond Beach, FL",307028,0.1892009849264562
2015,19740,"Denver-Aurora-Lakewood, CO",1160758,0.045827812515614796
2015,19780,"Des Moines-West Des Moines, IA",282666,0.06437279333205975
2015,19820,"Detroit-Warren-Dearborn, MI",1859361,0.11722737004809716
2015,20100,"Dover, DE",68693,0.09047501200995735
2015,20700,"East Stroudsburg, PA",80718,0.31017864664634903
2015,20740,"Eau Claire, WI",66177,0.08839929280565756
2015,20940,"El Centro, CA",57229,0.21092453126911181
2015,21140,"Elkhart-Goshen, IN",78023,0.12207938684746805
2015,21340,"El Paso, TX",289459,0.09931976549355867
2015,21500,"Erie, PA",120096,0.08291699973354649
2015,21660,"Eugene, OR",159311,0.07977478014700805
2015,22180,"Fayetteville, NC",144428,0.1678414157919517
2015,22220,"Fayetteville-Springdale-Rogers, AR-MO",190663,0.08438448991151928
2015,22380,"Flagstaff, AZ",64437,0.28750562564985954
2015,22500,"Florence, SC",89429,0.10639725368728264
2015,22660,"Fort Collins, CO",140887,0.0828820260208536
2015,23060,"Fort Wayne, IN",155307,0.08262344903964405
2015,23420,"Fresno, CA",326015,0.06688956029630538
2015,23460,"Gadsden, AL",47509,0.1721147572038982
2015,23540,"Gainesville, FL",114580,0.1584220631872927
2015,23580,"Gainesville, GA",70098,0.08714941938429056
2015,24020,"Glens Falls, NY",68219,0.2844368870842434
2015,24140,"Goldsboro, NC",53289,0.10882170804481225
2015,24300,"Grand Junction, CO",55355,0.06882847077951404
2015,24340,"Grand Rapids-Wyoming, MI",355451,0.055127148327054926
2015,24660,"Greensboro-High Point, NC",351766,0.11781127226622243
2015,24780,"Greenville, NC",77329,0.11579097104579136
2015,24860,"Greenville-Anderson-Mauldin, SC",411792,0.11549762987139138
2015,25060,"Gulfport-Biloxi-Pascagoula, MS",152113,0.15894762446339233
2015,25260,"Hanford-Corcoran, CA",45251,0.05655123643676383
2015,25420,"Harrisburg-Carlisle, PA",246146,0.08316202578957205
2015,25500,"Harrisonburg, VA",52901,0.10020604525434301
2015,25540,"Hartford-West Hartford-East Hartford, CT",508982,0.08717204144743822
2015,25860,"Hickory-Lenoir-Morganton, NC",183227,0.1390406435732725
2015,25940,"Hilton Head Island-Bluffton-Beaufort, SC",106442,0.2594746434678041
2015,26140,"Homosassa Springs, FL",77726,0.22111005326403005
2015,26380,"Houma-Thibodaux, LA",95510,0.09966495654905246
2015,26420,"Houston-The Woodlands-Sugar Land, TX",2472739,0.08345725125053635
2015,26620,"Huntsville, AL",180813,0.10226034632465586
2015,26900,"Indianapolis-Carmel-Anderson, IN",842013,0.10322643474625688
2015,26980,"Iowa City, IA",59794,0.0682844432551761
2015,27060,"Ithaca, NY",42265,0.0982609724358216
2015,27100,"Jackson, MI",69023,0.14096750358576127
2015,27140,"Jackson, MS",261350,0.12475607422995982
2015,27180,"Jackson, TN",49709,0.11637731597899777
2015,27260,"Jacksonville, FL",607143,0.137279026522582
2015,27500,"Janesville-Beloit, WI",68314,0.047720818573059695
2015,27620,"Jefferson City, MO",64148,0.13563945875163683
2015,27780,"Johnstown, PA",65142,0.12431303920665623
2015,27900,"Joplin, MO",76045,0.11319613386810441
2015,28020,"Kalamazoo-Portage, MI",173069,0.1306877603730304
2015,28100,"Kankakee, IL",45182,0.14226904519498915
2015,28140,"Kansas City, MO-KS",912329,0.08716482760056952
2015,28940,"Knoxville, TN",426917,0.12406627049285927
2015,29100,"La Crosse-Onalaska, WI-MN",49441,0.06725187597338242
2015,29180,"Lafayette, LA",227355,0.11339095247520398
2015,29200,"Lafayette-West Lafayette, IN",74803,0.06612034276700132
2015,29420,"Lake Havasu City-Kingman, AZ",127774,0.2811526601656049
2015,29460,"Lakeland-Winter Haven, FL",284364,0.20129481931608784
2015,29540,"Lancaster, PA",207135,0.04553552031283945
2015,29620,"Lansing-East Lansing, MI",200399,0.08239063069176993
2015,29700,"Laredo, TX",79704,0.093408110007026
2015,29740,"Las Cruces, NM",84640,0.118265595463138
2015,29820,"Las Vegas-Henderson-Paradise, NV",871866,0.15013775052588357
2015,29940,"Lawrence, KS",48537,0.11786884232647259
2015,30140,"Lebanon, PA",56479,0.05805697692947821
2015,30340,"Lewiston-Auburn, ME",48830,0.081056727421667
2015,30620,"Lima, OH",44802,0.10195973394044909
2015,30700,"Lincoln, NE",126511,0.046177802720712036
2015,30780,"Little Rock-North Little Rock-Conway, AR",307296,0.11580365510777882
2015,31080,"Los Angeles-Long Beach-Anaheim, CA",4585041,0.05883262548797274
2015,31140,"Louisville/Jefferson County, KY-IN",539486,0.09506456145293854
2015,31180,"Lubbock, TX",123097,0.11870313655085014
2015,31340,"Lynchburg, VA",115468,0.13026985831572382
2015,31460,"Madera, CA",50101,0.09734336639987226
2015,31700,"Manchester-Nashua, NH",147605,0.06829714440567732
2015,31900,"Mansfield, OH",54204,0.13310825769315918
2015,32580,"McAllen-Edinburg-Mission, TX",264607,0.14706338078735634
2015,32780,"Medford, OR",92845,0.09661263395982551
2015,32820,"Memphis, TN-MS-AR",519953,0.12457472117672175
2015,32900,"Merced, CA",84338,0.06213094927553416
2015,33100,"Miami-Fort Lauderdale-West Palm Beach, FL",2499552,0.1720168254151144
2015,33140,"Michigan City-La Porte, IN",48768,0.11480889107611549
2015,33260,"Midland, TX",59512,0.05432517811533808
2015,33340,"Milwaukee-Waukesha-West Allis, WI",673012,0.06711767397906723
2015,33460,"Minneapolis-St. Paul-Bloomington, MN-WI",1450146,0.05378837717029872
2015,33660,"Mobile, AL",182024,0.1597921153254516
2015,33700,"Modesto, CA",180748,0.048631243499236504
2015,33740,"Monroe, LA",66962,0.15089155043158806
2015,33780,"Monroe, MI",63643,0.07476077494775545
2015,33860,"Montgomery, AL",165532,0.12778798057173235
2015,34060,"Morgantown, WV",59602,0.1565048152746552
2015,34620,"Muncie, IN",52482,0.1372661102854312
2015,34740,"Muskegon, MI",73317,0.13778523398393278
2015,34820,"Myrtle Beach-Conway-North Myrtle Beach, SC-NC",279205,0.3739080603857381
2015,34900,"Napa, CA",55480,0.10564167267483777
2015,34940,"Naples-Immokalee-Marco Island, FL",206384,0.34633498720831074
2015,34980,"Nashville-Davidson--Murfreesboro--Franklin, TN",803894,0.0805155903639037
2015,35300,"New Haven-Milford, CT",362707,0.10873239281293165
2015,35380,"New Orleans-Metairie, LA",555670,0.1331977612611802
2015,35620,"New York-Newark-Jersey City, NY-NJ-PA",7854175,0.09555542116135686
2015,35660,"Niles-Benton Harbor, MI",76802,0.16305564959245852
2015,35840,"North Port-Sarasota-Bradenton, FL",414730,0.24650495503098402
2015,35980,"Norwich-New London, CT",121660,0.13383199079401611
2015,36100,"Ocala, FL",163801,0.23549306780788884
2015,36140,"Ocean City, NJ",104604,0.5835436503384192
2015,36220,"Odessa, TX",56967,0.08778766654378851
2015,36260,"Ogden-Clearfield, UT",193583,0.06506769706017573
2015,36420,"Oklahoma City, OK",594161,0.10599315673697869
2015,36500,"Olympia-Tumwater, WA",112535,0.06554405296130093
2015,36540,"Omaha-Council Bluffs, NE-IA",422421,0.07520696177510114
2015,36740,"Orlando-Kissimmee-Sanford, FL",963807,0.1454284934639404
2015,36780,"Oshkosh-Neenah, WI",74531,0.06567736914840805
2015,36980,"Owensboro, KY",46324,0.0856143683619722
2015,37100,"Oxnard-Thousand Oaks-Ventura, CA",285889,0.05709908391018892
2015,37340,"Palm Bay-Melbourne-Titusville, FL",273134,0.17372791377126245
2015,37620,"Parkersburg-Vienna, WV",46707,0.10201896931937397
2015,37860,"Pensacola-Ferry Pass-Brent, FL",207635,0.14429648180701712
2015,37980,"Philadelphia-Camden-Wilmington, PA-NJ-DE-MD",2470428,0.09050253640259906
2015,38060,"Phoenix-Mesa-Scottsdale, AZ",1854324,0.13478119249926118
2015,38300,"Pittsburgh, PA",1084195,0.1060159842094826
2015,38340,"Pittsfield, MA",68406,0.1887115165336374
2015,38860,"Portland-South Portland, ME",267097,0.20537857033212653
2015,38900,"Portland-Vancouver-Hillsboro, OR-WA",964369,0.059199331376267796
2015,38940,"Port St. Lucie, FL",217326,0.19976440922853225
2015,39140,"Prescott, AZ",113085,0.1606313834726091
2015,39300,"Providence-Warwick, RI-MA",711041,0.10779547170978888
2015,39340,"Provo-Orem, UT",162531,0.04578818809950102
2015,39380,"Pueblo, CO",66084,0.11255371950850433
2015,39460,"Punta Gorda, FL",101781,0.28599640404397675
2015,39540,"Racine, WI",82334,0.08956202783783128
2015,39580,"Raleigh, NC",536719,0.08026546479629006
2015,39740,"Reading, PA",164907,0.07952967430127283
2015,39820,"Redding, CA",78112,0.10642410897173289
2015,39900,"Reno, NV",189001,0.08597838106676685
2015,40060,"Richmond, VA",514959,0.0741923143395882
2015,40140,"Riverside-San Bernardino-Ontario, CA",1538540,0.12675523548299036
2015,40220,"Roanoke, VA",158051,0.12410551024669253
2015,40380,"Rochester, NY",491590,0.10201794178075226
2015,40420,"Rockford, IL",145399,0.09084656703278564
2015,40580,"Rocky Mount, NC",67080,0.14354502087060225
2015,40900,"Sacramento--Roseville--Arden-Arcade, CA",889065,0.08972347353680551
2015,40980,"Saginaw, MI",86824,0.11071823458951442
2015,41100,"St. George, UT",63957,0.17987085072783277
2015,41140,"St. Joseph, MO-KS",50019,0.12909094544073252
2015,41180,"St. Louis, MO-IL",1259438,0.10973545343240397
2015,41500,"Salinas, CA",158703,0.08967694372507136
2015,41540,"Salisbury, MD-DE",240002,0.35731785568453595
2015,41620,"Salt Lake City, UT",419710,0.061675919086988634
2015,41660,"San Angelo, TX",48282,0.0799469781699184
2015,41700,"San Antonio-New Braunfels, TX",845423,0.09265302694627423
2015,41740,"San Diego-Carlsbad, CA",1194494,0.06771402786451837
2015,41860,"San Francisco-Oakland-Hayward, CA",1782071,0.051890188438058864
2015,41940,"San Jose-Sunnyvale-Santa Clara, CA",660622,0.04062535004889332
2015,42020,"San Luis Obispo-Paso Robles-Arroyo Grande, CA",120134,0.1279737626317279
2015,42100,"Santa Cruz-Watsonville, CA",105525,0.11567874911158493
2015,42140,"Santa Fe, NM",71877,0.15630869401894903
2015,42200,"Santa Maria-Santa Barbara, CA",154919,0.07024315932842325
2015,42220,"Santa Rosa, CA",207891,0.08287516054086036
2015,42540,"Scranton--Wilkes-Barre--Hazleton, PA",229131,0.14366890556057452
2015,42660,"Seattle-Tacoma-Bellevue, WA",1529935,0.06064244559409387
2015,42680,"Sebastian-Vero Beach, FL",77905,0.28767088120146334
2015,43100,"Sheboygan, WI",50599,0.06247159034763533
2015,43340,"Shreveport-Bossier City, LA",187697,0.14171776853119655
2015,43900,"Spartanburg, SC",125372,0.09907315828095588
2015,44060,"Spokane-Spokane Valley, WA",263819,0.10680049579446514
2015,44100,"Springfield, IL",90789,0.08553899701505689
2015,44140,"Springfield, MA",238196,0.08156728072679642
2015,44180,"Springfield, MO",177972,0.08415368709684669
2015,44220,"Springfield, OH",61113,0.11259470161831361
2015,44300,"State College, PA",65474,0.14292696337477473
2015,44700,"Stockton-Lodi, CA",238626,0.06522340398783033
2015,45060,"Syracuse, NY",294781,0.12540496164949572
2015,45300,"Tampa-St. Petersburg-Clearwater, FL",1385082,0.15766503355036018
2015,45780,"Toledo, OH",301817,0.1396574745624004
2015,45820,"Topeka, KS",101488,0.11322520889169163
2015,45940,"Trenton, NJ",144485,0.11433020728795376
2015,46060,"Tucson, AZ",452104,0.1241108240581813
2015,46220,"Tuscaloosa, AL",97704,0.19868173258003766
2015,46340,"Tyler, TX",88869,0.11802765868863158
2015,46520,"Urban Honolulu, HI",343893,0.10577417975940191
2015,46540,"Utica-Rome, NY",127993,0.1694155149109717
2015,46700,"Vallejo-Fairfield, CA",155637,0.0651194767311115
2015,47260,"Virginia Beach-Norfolk-Newport News, VA-NC",680430,0.08958011845450671
2015,47300,"Visalia-Porterville, CA",146554,0.08018887236104098
2015,47380,"Waco, TX",98660,0.11505169268193798
2015,47900,"Washington-Arlington-Alexandria, DC-VA-MD-WV",2288058,0.06473743235529869
2015,48140,"Wausau, WI",58629,0.06943662692524177
2015,48300,"Wenatchee, WA",52787,0.21751567620815732
2015,48620,"Wichita, KS",256302,0.09330399294582173
2015,48660,"Wichita Falls, TX",56105,0.14323144104803492
2015,48900,"Wilmington, NC",134640,0.17151663695781344
2015,49180,"Winston-Salem, NC",281815,0.10839380444617923
2015,49340,"Worcester, MA-CT",377229,0.09065050672138145
2015,49420,"Yakima, WA",86568,0.056129285648276496
2015,49620,"York-Hanover, PA",181066,0.08502424530281776
2015,49660,"Youngstown-Warren-Boardman, OH-PA",258250,0.1144511132623427
2015,49700,"Yuba City, CA",62392,0.06621041159122965
2015,49740,"Yuma, AZ",90485,0.20703984085760072
2016,0,Not in identifiable area,32495047,0.18869515714194843
2016,10420,"Akron, OH",313633,0.09234997592727806
2016,10580,"Albany-Schenectady-Troy, NY",384077,0.13932102156598808
2016,10740,"Albuquerque, NM",375379,0.09764797711113302
2016,10900,"Allentown-Bethlehem-Easton, PA-NJ",345674,0.08162893361953748
2016,11100,"Amarillo, TX",104095,0.11709496133339738
2016,11260,"Anchorage, AK",187907,0.16479428653536057
2016,11460,"Ann Arbor, MI",149932,0.06570311874716538
2016,11500,"Anniston-Oxford-Jacksonville, AL",53337,0.1756004274706114
2016,11700,"Asheville, NC",257764,0.18478918700827113
2016,12060,"Atlanta-Sandy Springs-Roswell, GA",2250675,0.08902618103457852
2016,12100,"Atlantic City-Hammonton, NJ",122635,0.24274473029722346
2016,12220,"Auburn-Opelika, AL",67173,0.11640093489943876
2016,12260,"Augusta-Richmond County, GA-SC",229972,0.13283356234672047
2016,12420,"Austin-Round Rock, TX",827671,0.08503499578938975
2016,12540,"Bakersfield, CA",295240,0.08427042406178024
2016,12580,"Baltimore-Columbia-Towson, MD",1140488,0.09981341320557516
2016,12620,"Bangor, ME",74696,0.19413355467494914
2016,12700,"Barnstable Town, MA",192280,0.46306428125650095
2016,12940,"Baton Rouge, LA",348689,0.14897802913197722
2016,13140,"Beaumont-Port Arthur, TX",169307,0.1261731647244355
2016,13380,"Bellingham, WA",94189,0.10805932752232214
2016,13460,"Bend-Redmond, OR",85935,0.17074533077325885
2016,13780,"Binghamton, NY",104825,0.12105890770331505
2016,13820,"Birmingham-Hoover, AL",511065,0.14923933354857014
2016,13900,"Bismarck, ND",63707,0.10096221765269123
2016,13980,"Blacksburg-Christiansburg-Radford, VA",80322,0.1230173551455392
2016,14010,"Bloomington, IL",71757,0.08519029502348203
2016,14020,"Bloomington, IN",60803,0.10344884298472115
2016,14260,"Boise City, ID",273935,0.046927190756931386
2016,14460,"Boston-Cambridge-Newton, MA-NH",1944241,0.06299887719680843
2016,14740,"Bremerton-Silverdale, WA",110398,0.07612456747404844
2016,14860,"Bridgeport-Stamford-Norwalk, CT",368010,0.0888345425396049
2016,15180,"Brownsville-Harlingen, TX",148665,0.18945952308882386
2016,15380,"Buffalo-Cheektowaga-Niagara Falls, NY",521550,0.10409548461317228
2016,15500,"Burlington, NC",69164,0.06932797409056735
2016,15540,"Burlington-South Burlington, VT",95990,0.10678195645379727
2016,15940,"Canton-Massillon, OH",179433,0.09044601606170548
2016,15980,"Cape Coral-Fort Myers, FL",385106,0.32035076056981715
2016,16580,"Champaign-Urbana, IL",91541,0.10579958707027452
2016,16620,"Charleston, WV",97020,0.1523809523809524
2016,16700,"Charleston-North Charleston, SC",324390,0.11414346928080397
2016,16740,"Charlotte-Concord-Gastonia, NC-SC",1025838,0.0933334503108678
2016,16860,"Chattanooga, TN-GA",233056,0.12385864341617465
2016,16980,"Chicago-Naperville-Elgin, IL-IN-WI",3801375,0.08625300055900825
2016,17020,"Chico, CA",98439,0.13112689076483913
2016,17140,"Cincinnati, OH-KY-IN",906154,0.09235957684896828
2016,17300,"Clarksville, TN-KY",133974,0.1494319793392748
2016,17460,"Cleveland-Elyria, OH",958424,0.11125243107434706
2016,17660,"Coeur d'Alene, ID",64168,0.11407555167684827
2016,17780,"College Station-Bryan, TX",86770,0.09793707502593062
2016,17820,"Colorado Springs, CO",285536,0.06274515297545669
2016,17860,"Columbia, MO",75723,0.09079143721194353
2016,17900,"Columbia, SC",348798,0.11418930154416022
2016,18140,"Columbus, OH",809048,0.0817899556021398
2016,18580,"Corpus Christi, TX",205446,0.16590247558969268
2016,19100,"Dallas-Fort Worth-Arlington, TX",2687371,0.07275437593097492
2016,19300,"Daphne-Fairhope-Foley, AL",110607,0.30583959423906265
2016,19380,"Dayton, OH",367998,0.10773156375849868
2016,19460,"Decatur, AL",66849,0.13606785441816632
2016,19500,"Decatur, IL",50238,0.12412914526852184
2016,19660,"Deltona-Daytona Beach-Ormond Beach, FL",308513,0.17231688778106596
2016,19740,"Denver-Aurora-Lakewood, CO",1177769,0.04563203820103942
2016,19780,"Des Moines-West Des Moines, IA",287833,0.06260227284571261
2016,19820,"Detroit-Warren-Dearborn, MI",1862988,0.11075648367031886
2016,20100,"Dover, DE",69742,0.07585099366235554
2016,20700,"East Stroudsburg, PA",80722,0.2908129134560591
2016,20740,"Eau Claire, WI",66377,0.048616237552164154
2016,20940,"El Centro, CA",57386,0.21836336388666225
2016,21140,"Elkhart-Goshen, IN",78179,0.07280727561109761
2016,21340,"El Paso, TX",293648,0.08947447283822808
2016,21500,"Erie, PA",120077,0.08637790750934816
2016,21660,"Eugene, OR",159621,0.07513422419355849
2016,22180,"Fayetteville, NC",145299,0.14649102884397003
2016,22220,"Fayetteville-Springdale-Rogers, AR-MO",194160,0.0565306963329213
2016,22380,"Flagstaff, AZ",65278,0.27375225956677596
2016,22500,"Florence, SC",89644,0.15089688099593948
2016,22660,"Fort Collins, CO",143273,0.08282090833583439
2016,23060,"Fort Wayne, IN",156232,0.08621153156843668
2016,23420,"Fresno, CA",327812,0.07503691140043683
2016,23460,"Gadsden, AL",47541,0.184577522559475
2016,23540,"Gainesville, FL",115533,0.18268373538296417
2016,23580,"Gainesville, GA",70956,0.12568352218276116
2016,24020,"Glens Falls, NY",68427,0.24570710392096687
2016,24140,"Goldsboro, NC",53400,0.11535580524344569
2016,24300,"Grand Junction, CO",57759,0.07468965875447982
2016,24340,"Grand Rapids-Wyoming, MI",358256,0.05403677816980037
2016,24660,"Greensboro-High Point, NC",353967,0.10735746552644738
2016,24780,"Greenville, NC",77909,0.10127199681679909
2016,24860,"Greenville-Anderson-Mauldin, SC",417003,0.11992000057553542
2016,25060,"Gulfport-Biloxi-Pascagoula, MS",153114,0.17118617500685765
2016,25260,"Hanford-Corcoran, CA",45763,0.05843148394991587
2016,25420,"Harrisburg-Carlisle, PA",247378,0.08997970716878623
2016,25500,"Harrisonburg, VA",53203,0.10146044395992707
2016,25540,"Hartford-West Hartford-East Hartford, CT",509593,0.07683386545733556
2016,25860,"Hickory-Lenoir-Morganton, NC",183972,0.11814841388907008
2016,25940,"Hilton Head Island-Bluffton-Beaufort, SC",107859,0.2882281497139784
2016,26140,"Homosassa Springs, FL",77904,0.18384165126309304
2016,26380,"Houma-Thibodaux, LA",95240,0.1012914741705166
2016,26420,"Houston-The Woodlands-Sugar Land, TX",2526137,0.08677359937327231
2016,26620,"Huntsville, AL",182963,0.10162163934784628
2016,26900,"Indianapolis-Carmel-Anderson, IN",849503,0.09919093870180565
2016,26980,"Iowa City, IA",61796,0.07409864716162859
2016,27060,"Ithaca, NY",42445,0.11219224879255507
2016,27100,"Jackson, MI",69005,0.1305992319397145
2016,27140,"Jackson, MS",262748,0.11291808120328223
2016,27180,"Jackson, TN",50333,0.14263008364293803
2016,27260,"Jacksonville, FL",613651,0.12396133958878906
2016,27500,"Janesville-Beloit, WI",68513,0.07722621984148993
2016,27620,"Jefferson City, MO",64386,0.14009256670704812
2016,27780,"Johnstown, PA",64979,0.13136551809046
2016,27900,"Joplin, MO",76444,0.11857045680498142
2016,28020,"Kalamazoo-Portage, MI",173763,0.12605100050068196
2016,28100,"Kankakee, IL",45172,0.1296821039582042
2016,28140,"Kansas City, MO-KS",920558,0.09159553227498973
2016,28940,"Knoxville, TN",430023,0.11847040739681367
2016,29100,"La Crosse-Onalaska, WI-MN",49776,0.054062198649951786
2016,29180,"Lafayette, LA",229762,0.14148118487826533
2016,29200,"Lafayette-West Lafayette, IN",75119,0.0893914988218693
2016,29420,"Lake Havasu City-Kingman, AZ",128938,0.2762490499309746
2016,29460,"Lakeland-Winter Haven, FL",286488,0.20963879813465136
2016,29540,"Lancaster, PA",207807,0.052933731779968914
2016,29620,"Lansing-East Lansing, MI",201069,0.07796825965215921
2016,29700,"Laredo, TX",81491,0.09826852045011106
2016,29740,"Las Cruces, NM",85228,0.11110198526305909
2016,29820,"Las Vegas-Henderson-Paradise, NV",881238,0.14295910979780718
2016,29940,"Lawrence, KS",49287,0.07537484529389088
2016,30140,"Lebanon, PA",56637,0.09700372547981002
2016,30340,"Lewiston-Auburn, ME",49059,0.08442895289345483
2016,30620,"Lima, OH",44804,0.10762431925720918
2016,30700,"Lincoln, NE",128755,0.0522542813871306
2016,30780,"Little Rock-North Little Rock-Conway, AR",309640,0.11202041079963829
2016,31080,"Los Angeles-Long Beach-Anaheim, CA",4610703,0.059238038103950744
2016,31140,"Louisville/Jefferson County, KY-IN",543102,0.09160157760420694
2016,31180,"Lubbock, TX",124852,0.10313811552878609
2016,31340,"Lynchburg, VA",115744,0.15607720486591098
2016,31460,"Madera, CA",50205,0.11624340205158849
2016,31700,"Manchester-Nashua, NH",147901,0.0604187936525108
2016,31900,"Mansfield, OH",54001,0.10301661080350363
2016,32580,"McAllen-Edinburg-Mission, TX",268803,0.12681034065840038
2016,32780,"Medford, OR",93248,0.07118651338366506
2016,32820,"Memphis, TN-MS-AR",522573,0.11955841576200837
2016,32900,"Merced, CA",84432,0.07957883267007769
2016,33100,"Miami-Fort Lauderdale-West Palm Beach, FL",2518816,0.1695733233392197
2016,33140,"Michigan City-La Porte, IN",48829,0.1383399209486166
2016,33260,"Midland, TX",60500,0.07145454545454545
2016,33340,"Milwaukee-Waukesha-West Allis, WI",674782,0.0718128225115667
2016,33460,"Minneapolis-St. Paul-Bloomington, MN-WI",1457204,0.052728375711293685
2016,33660,"Mobile, AL",182640,0.13961344721857205
2016,33700,"Modesto, CA",180822,0.043905055800732215
2016,33740,"Monroe, LA",67510,0.19494889645978375
2016,33780,"Monroe, MI",63694,0.07700882343705844
2016,33860,"Montgomery, AL",165938,0.12107534139256831
2016,34060,"Morgantown, WV",59715,0.15398141170560162
2016,34620,"Muncie, IN",52426,0.10882005111967344
2016,34740,"Muskegon, MI",73452,0.10913249469041006
2016,34820,"Myrtle Beach-Conway-North Myrtle Beach, SC-NC",284673,0.3683032813087297
2016,34900,"Napa, CA",55535,0.10757180156657964
2016,34940,"Naples-Immokalee-Marco Island, FL",210147,0.33606951324549006
2016,34980,"Nashville-Davidson--Murfreesboro--Franklin, TN",820279,0.0763727951099565
2016,35300,"New Haven-Milford, CT",363122,0.09793127378677138
2016,35380,"New Orleans-Metairie, LA",558394,0.13505338524411079
2016,35620,"New York-Newark-Jersey City, NY-NJ-PA",7880548,0.09946541788718247
2016,35660,"Niles-Benton Harbor, MI",76836,0.18607163308865635
2016,35840,"North Port-Sarasota-Bradenton, FL",420970,0.24303869634415753
2016,35980,"Norwich-New London, CT",121911,0.13779724553157632
2016,36100,"Ocala, FL",164414,0.18353059958397702
2016,36140,"Ocean City, NJ",104611,0.5907887315865444
2016,36220,"Odessa, TX",57602,0.11440574980035416
2016,36260,"Ogden-Clearfield, UT",196002,0.06548912766196263
2016,36420,"Oklahoma City, OK",599390,0.10539715377300256
2016,36500,"Olympia-Tumwater, WA",113314,0.0657465096987133
2016,36540,"Omaha-Council Bluffs, NE-IA",425931,0.07740925173326196
2016,36740,"Orlando-Kissimmee-Sanford, FL",981469,0.14357559943309467
2016,36780,"Oshkosh-Neenah, WI",75111,0.06879152188094953
2016,36980,"Owensboro, KY",46731,0.07960454516273993
2016,37100,"Oxnard-Thousand Oaks-Ventura, CA",286737,0.06561064669017252
2016,37340,"Palm Bay-Melbourne-Titusville, FL",274559,0.1767853175455913
2016,37620,"Parkersburg-Vienna, WV",46460,0.15297029702970297
2016,37860,"Pensacola-Ferry Pass-Brent, FL",209846,0.13975486785547497
2016,37980,"Philadelphia-Camden-Wilmington, PA-NJ-DE-MD",2476449,0.08975189878733622
2016,38060,"Phoenix-Mesa-Scottsdale, AZ",1876793,0.12099736092366073
2016,38300,"Pittsburgh, PA",1086762,0.11121754349158325
2016,38340,"Pittsfield, MA",68451,0.20813428583950563
2016,38860,"Portland-South Portland, ME",268504,0.1925706879599559
2016,38900,"Portland-Vancouver-Hillsboro, OR-WA",977084,0.05485505852106881
2016,38940,"Port St. Lucie, FL",218566,0.20118865697317972
2016,39140,"Prescott, AZ",114797,0.17278326088660853
2016,39300,"Providence-Warwick, RI-MA",710842,0.10980077147945676
2016,39340,"Provo-Orem, UT",166767,0.054069450190985024
2016,39380,"Pueblo, CO",66595,0.10775583752533974
2016,39460,"Punta Gorda, FL",102717,0.2684073717106224
2016,39540,"Racine, WI",82374,0.07833782504188215
2016,39580,"Raleigh, NC",547280,0.0866320713346002
2016,39740,"Reading, PA",164961,0.08826934851267876
2016,39820,"Redding, CA",78303,0.07926899352515229
2016,39900,"Reno, NV",191390,0.08706828987930404
2016,40060,"Richmond, VA",519927,0.07623185562588594
2016,40140,"Riverside-San Bernardino-Ontario, CA",1545768,0.1278070189058125
2016,40220,"Roanoke, VA",156758,0.13197412572245118
2016,40380,"Rochester, NY",493943,0.10257256404079013
2016,40420,"Rockford, IL",145284,0.07994686269651166
2016,40580,"Rocky Mount, NC",67280,0.16539833531510106
2016,40900,"Sacramento--Roseville--Arden-Arcade, CA",893831,0.08610688150220791
2016,40980,"Saginaw, MI",87039,0.0981743815990533
2016,41100,"St. George, UT",65472,0.2092192082111437
2016,41140,"St. Joseph, MO-KS",50133,0.11108451518959568
2016,41180,"St. Louis, MO-IL",1264746,0.10995093085884439
2016,41500,"Salinas, CA",159226,0.09970733422933441
2016,41540,"Salisbury, MD-DE",242951,0.3864071355952435
2016,41620,"Salt Lake City, UT",426037,0.05185699833582529
2016,41660,"San Angelo, TX",48470,0.10259954611099649
2016,41700,"San Antonio-New Braunfels, TX",854003,0.09554064798367219
2016,41740,"San Diego-Carlsbad, CA",1202230,0.07637806409755205
2016,41860,"San Francisco-Oakland-Hayward, CA",1792249,0.056055269106022654
2016,41940,"San Jose-Sunnyvale-Santa Clara, CA",665018,0.04422436685924291
2016,42020,"San Luis Obispo-Paso Robles-Arroyo Grande, CA",120866,0.12040606953154734
2016,42100,"Santa Cruz-Watsonville, CA",105635,0.08876792729682396
2016,42140,"Santa Fe, NM",71875,0.16388173913043477
2016,42200,"Santa Maria-Santa Barbara, CA",155962,0.08664931201190033
2016,42220,"Santa Rosa, CA",208061,0.09924973925915957
2016,42540,"Scranton--Wilkes-Barre--Hazleton, PA",230803,0.14839495153875817
2016,42660,"Seattle-Tacoma-Bellevue, WA",1552272,0.056262046857767194
2016,42680,"Sebastian-Vero Beach, FL",78629,0.29508196721311475
2016,43100,"Sheboygan, WI",50606,0.05837252499703593
2016,43340,"Shreveport-Bossier City, LA",188553,0.14968205226116796
2016,43900,"Spartanburg, SC",126531,0.10328694154001786
2016,44060,"Spokane-Spokane Valley, WA",266308,0.10712408189014225
2016,44100,"Springfield, IL",90975,0.0881121187139324
2016,44140,"Springfield, MA",239366,0.06881094223908157
2016,44180,"Springfield, MO",179809,0.07694831738122118
2016,44220,"Springfield, OH",61032,0.10623934984925941
2016,44300,"State College, PA",65766,0.1270565337712496
2016,44700,"Stockton-Lodi, CA",240618,0.05582292264086643
2016,45060,"Syracuse, NY",296093,0.13094196755749038
2016,45300,"Tampa-St. Petersburg-Clearwater, FL",1397812,0.14752269976219978
2016,45780,"Toledo, OH",301211,0.12046704801617471
2016,45820,"Topeka, KS",100507,0.12634940849891052
2016,45940,"Trenton, NJ",144734,0.113325134384457
2016,46060,"Tucson, AZ",456576,0.12208701289599103
2016,46220,"Tuscaloosa, AL",98293,0.17495650758446685
2016,46340,"Tyler, TX",89331,0.15155992880411057
2016,46520,"Urban Honolulu, HI",347391,0.11022162347326211
2016,46540,"Utica-Rome, NY",129693,0.186956890502957
2016,46700,"Vallejo-Fairfield, CA",156826,0.04879930623748613
2016,47260,"Virginia Beach-Norfolk-Newport News, VA-NC",684394,0.1008439583047192
2016,47300,"Visalia-Porterville, CA",147537,0.08058317574574514
2016,47380,"Waco, TX",100051,0.12881430470460065
2016,47900,"Washington-Arlington-Alexandria, DC-VA-MD-WV",2304566,0.06356164240902626
2016,48140,"Wausau, WI",58716,0.060784113359220654
2016,48300,"Wenatchee, WA",53240,0.18884297520661156
2016,48620,"Wichita, KS",257770,0.098211583970206
2016,48660,"Wichita Falls, TX",56083,0.11762922810833942
2016,48900,"Wilmington, NC",137086,0.16822286739710837
2016,49180,"Winston-Salem, NC",283850,0.12149022370970583
2016,49340,"Worcester, MA-CT",378042,0.07929277699303253
2016,49420,"Yakima, WA",86728,0.06510008301817176
2016,49620,"York-Hanover, PA",181463,0.06380915117682393
2016,49660,"Youngstown-Warren-Boardman, OH-PA",257872,0.11418067878637464
2016,49700,"Yuba City, CA",62654,0.057618029176110065
2016,49740,"Yuma, AZ",91314,0.19977221455636596
2017,0,Not in identifiable area,32921509,0.19177094828794147
2017,10420,"Akron, OH",315099,0.08193297979365215
2017,10580,"Albany-Schenectady-Troy, NY",390782,0.1393820595626206
2017,10740,"Albuquerque, NM",381636,0.1038476454003291
2017,10900,"Allentown-Bethlehem-Easton, PA-NJ",349709,0.08211970524064294
2017,11100,"Amarillo, TX",104739,0.10186272544133512
2017,11260,"Anchorage, AK",190445,0.16659402977237522
2017,11460,"Ann Arbor, MI",150397,0.0642831971382408
2017,11500,"Anniston-Oxford-Jacksonville, AL",53786,0.17251701186182278
2017,11700,"Asheville, NC",267012,0.19521594535077075
2017,12060,"Atlanta-Sandy Springs-Roswell, GA",2286980,0.08410305293443755
2017,12100,"Atlantic City-Hammonton, NJ",122541,0.24390204094955975
2017,12220,"Auburn-Opelika, AL",68921,0.1503895764716124
2017,12260,"Augusta-Richmond County, GA-SC",233728,0.17957198110624314
2017,12420,"Austin-Round Rock, TX",850875,0.09617158807110328
2017,12540,"Bakersfield, CA",297873,0.09644042931047796
2017,12580,"Baltimore-Columbia-Towson, MD",1139623,0.09133020305837983
2017,12620,"Bangor, ME",75864,0.20092534008225246
2017,12700,"Barnstable Town, MA",193770,0.47521288125096767
2017,12940,"Baton Rouge, LA",354367,0.15439643081889678
2017,13140,"Beaumont-Port Arthur, TX",170468,0.15106647581950863
2017,13380,"Bellingham, WA",96626,0.08268995922422537
2017,13460,"Bend-Redmond, OR",88999,0.1629344149934269
2017,13780,"Binghamton, NY",106046,0.11054636667106728
2017,13820,"Birmingham-Hoover, AL",515163,0.148337516475368
2017,13900,"Bismarck, ND",64482,0.09059892683229429
2017,13980,"Blacksburg-Christiansburg-Radford, VA",79833,0.1614119474402816
2017,14010,"Bloomington, IL",72378,0.09991986515239437
2017,14020,"Bloomington, IN",61550,0.07316003249390739
2017,14260,"Boise City, ID",283139,0.05348256510053366
2017,14460,"Boston-Cambridge-Newton, MA-NH",1974117,0.06647984896538554
2017,14740,"Bremerton-Silverdale, WA",112658,0.06884553249658258
2017,14860,"Bridgeport-Stamford-Norwalk, CT",373039,0.09813451140497374
2017,15180,"Brownsville-Harlingen, TX",151046,0.18551964302265536
2017,15380,"Buffalo-Cheektowaga-Niagara Falls, NY",529009,0.10199826467980697
2017,15500,"Burlington, NC",70686,0.08901338313103019
2017,15540,"Burlington-South Burlington, VT",97632,0.09953703703703703
2017,15940,"Canton-Massillon, OH",180382,0.08265237107915424
2017,15980,"Cape Coral-Fort Myers, FL",393259,0.3229220437421648
2017,16580,"Champaign-Urbana, IL",92736,0.10413431677018634
2017,16620,"Charleston, WV",97186,0.18822669931883193
2017,16700,"Charleston-North Charleston, SC",332655,0.12654552013347162
2017,16740,"Charlotte-Concord-Gastonia, NC-SC",1049050,0.0867184595586483
2017,16860,"Chattanooga, TN-GA",235114,0.09640004423386102
2017,16980,"Chicago-Naperville-Elgin, IL-IN-WI",3823489,0.09241297673407717
2017,17020,"Chico, CA",99405,0.10671495397615814
2017,17140,"Cincinnati, OH-KY-IN",912375,0.08720975476092616
2017,17300,"Clarksville, TN-KY",134200,0.12331594634873323
2017,17460,"Cleveland-Elyria, OH",962037,0.10343053333707539
2017,17660,"Coeur d'Alene, ID",65691,0.11753512657746114
2017,17780,"College Station-Bryan, TX",89761,0.11180802352914963
2017,17820,"Colorado Springs, CO",284800,0.05855688202247191
2017,17860,"Columbia, MO",77404,0.09106764508294145
2017,17900,"Columbia, SC",355633,0.1289840931522103
2017,18140,"Columbus, OH",818800,0.08198827552515876
2017,18580,"Corpus Christi, TX",208159,0.18187058930913388
2017,19100,"Dallas-Fort Worth-Arlington, TX",2739056,0.07737775350339679
2017,19300,"Daphne-Fairhope-Foley, AL",114158,0.30692548923421925
2017,19380,"Dayton, OH",369475,0.10834833209283443
2017,19460,"Decatur, AL",67503,0.16017065908181857
2017,19500,"Decatur, IL",50433,0.14783970812761485
2017,19660,"Deltona-Daytona Beach-Ormond Beach, FL",312055,0.16680713335790165
2017,19740,"Denver-Aurora-Lakewood, CO",1205150,0.053312035846160226
2017,19780,"Des Moines-West Des Moines, IA",294788,0.07358847714289592
2017,19820,"Detroit-Warren-Dearborn, MI",1869163,0.10493894860961832
2017,20100,"Dover, DE",71619,0.10907720018430864
2017,20700,"East Stroudsburg, PA",81471,0.29216531035583215
2017,20740,"Eau Claire, WI",67428,0.061665776828617194
2017,20940,"El Centro, CA",57742,0.2297114751827093
2017,21140,"Elkhart-Goshen, IN",79000,0.07135443037974684
2017,21340,"El Paso, TX",296554,0.09131895034293923
2017,21500,"Erie, PA",121422,0.10676813098120604
2017,21660,"Eugene, OR",162602,0.06720089543794049
2017,22180,"Fayetteville, NC",146610,0.12896118955050814
2017,22220,"Fayetteville-Springdale-Rogers, AR-MO",199015,0.08336557545913624
2017,22380,"Flagstaff, AZ",66057,0.27370301406361175
2017,22500,"Florence, SC",91020,0.12703801362337946
2017,22660,"Fort Collins, CO",148552,0.09318622435241532
2017,23060,"Fort Wayne, IN",157976,0.09414721223476984
2017,23420,"Fresno, CA",330958,0.07595525716254026
2017,23460,"Gadsden, AL",47751,0.22324139808590396
2017,23540,"Gainesville, FL",116975,0.16466766403077582
2017,23580,"Gainesville, GA",73090,0.14948693391708853
2017,24020,"Glens Falls, NY",69569,0.27936293464042894
2017,24140,"Goldsboro, NC",54250,0.12036866359447004
2017,24300,"Grand Junction, CO",58443,0.059254316171312216
2017,24340,"Grand Rapids-Wyoming, MI",364157,0.052713527407134836
2017,24660,"Greensboro-High Point, NC",357059,0.11289450763039162
2017,24780,"Greenville, NC",79239,0.13546359747094233
2017,24860,"Greenville-Anderson-Mauldin, SC",425316,0.11746560204647838
2017,25060,"Gulfport-Biloxi-Pascagoula, MS",155275,0.15784253743358556
2017,25260,"Hanford-Corcoran, CA",46399,0.07263087566542382
2017,25420,"Harrisburg-Carlisle, PA",251184,0.09913051786738009
2017,25500,"Harrisonburg, VA",53817,0.11223219428805024
2017,25540,"Hartford-West Hartford-East Hartford, CT",515756,0.08740373354842212
2017,25860,"Hickory-Lenoir-Morganton, NC",185783,0.14600367094944103
2017,25940,"Hilton Head Island-Bluffton-Beaufort, SC",111878,0.2919340710416704
2017,26140,"Homosassa Springs, FL",79496,0.2290178122169669
2017,26380,"Houma-Thibodaux, LA",97831,0.12190409992742586
2017,26420,"Houston-The Woodlands-Sugar Land, TX",2568520,0.10506283774313613
2017,26620,"Huntsville, AL",186387,0.08627211125239422
2017,26900,"Indianapolis-Carmel-Anderson, IN",859979,0.1007699025208755
2017,26980,"Iowa City, IA",63867,0.07323030673117573
2017,27060,"Ithaca, NY",43453,0.0741490806158378
2017,27100,"Jackson, MI",69564,0.10557184750733138
2017,27140,"Jackson, MS",264099,0.13071613296528953
2017,27180,"Jackson, TN",49714,0.15824516232851912
2017,27260,"Jacksonville, FL",628213,0.12714954959543975
2017,27500,"Janesville-Beloit, WI",68955,0.059140018852875065
2017,27620,"Jefferson City, MO",64682,0.15382950434433074
2017,27780,"Johnstown, PA",65968,0.15075491147222897
2017,27900,"Joplin, MO",77445,0.10727613144812448
2017,28020,"Kalamazoo-Portage, MI",175603,0.12142731046736104
2017,28100,"Kankakee, IL",45495,0.12895922628860315
2017,28140,"Kansas City, MO-KS",932245,0.08776877323021309
2017,28940,"Knoxville, TN",435009,0.12314227981490038
2017,29100,"La Crosse-Onalaska, WI-MN",50259,0.05083666606975865
2017,29180,"Lafayette, LA",233454,0.15295518603236613
2017,29200,"Lafayette-West Lafayette, IN",75907,0.08437956973665142
2017,29420,"Lake Havasu City-Kingman, AZ",130621,0.2681804610284717
2017,29460,"Lakeland-Winter Haven, FL",295132,0.21032961522301885
2017,29540,"Lancaster, PA",210887,0.046171646426759354
2017,29620,"Lansing-East Lansing, MI",203096,0.08318233741678811
2017,29700,"Laredo, TX",83099,0.10895437971576072
2017,29740,"Las Cruces, NM",87842,0.14118530998838824
2017,29820,"Las Vegas-Henderson-Paradise, NV",899735,0.13108637543276633
2017,29940,"Lawrence, KS",50841,0.06290198855254617
2017,30140,"Lebanon, PA",57678,0.08481570096050488
2017,30340,"Lewiston-Auburn, ME",49824,0.0771917148362235
2017,30620,"Lima, OH",45039,0.09251981615932858
2017,30700,"Lincoln, NE",131256,0.06325044188456147
2017,30780,"Little Rock-North Little Rock-Conway, AR",312568,0.12673082337283406
2017,31080,"Los Angeles-Long Beach-Anaheim, CA",4644856,0.06380779081202947
2017,31140,"Louisville/Jefferson County, KY-IN",546028,0.09519475191748408
2017,31180,"Lubbock, TX",127408,0.1186660178324752
2017,31340,"Lynchburg, VA",116916,0.15830168668103595
2017,31460,"Madera, CA",50393,0.08532931161073959
2017,31700,"Manchester-Nashua, NH",151266,0.061005116814089086
2017,31900,"Mansfield, OH",54223,0.09636132268594508
2017,32580,"McAllen-Edinburg-Mission, TX",276758,0.13344871692959193
2017,32780,"Medford, OR",95394,0.05967880579491373
2017,32820,"Memphis, TN-MS-AR",523907,0.13283082684522254
2017,32900,"Merced, CA",85267,0.050406370577128316
2017,33100,"Miami-Fort Lauderdale-West Palm Beach, FL",2524344,0.1697145872353372
2017,33140,"Michigan City-La Porte, IN",49126,0.13719822497251966
2017,33260,"Midland, TX",61133,0.07177792681530433
2017,33340,"Milwaukee-Waukesha-West Allis, WI",678659,0.07857407033576509
2017,33460,"Minneapolis-St. Paul-Bloomington, MN-WI",1472995,0.05371165550460117
2017,33660,"Mobile, AL",183912,0.15893470790378006
2017,33700,"Modesto, CA",181595,0.044175225088796496
2017,33740,"Monroe, LA",68443,0.14918983679850387
2017,33780,"Monroe, MI",64309,0.07434418199629912
2017,33860,"Montgomery, AL",167539,0.1526748995756212
2017,34060,"Morgantown, WV",60156,0.15148946073542124
2017,34620,"Muncie, IN",52728,0.11644666970110758
2017,34740,"Muskegon, MI",74112,0.12860265544041452
2017,34820,"Myrtle Beach-Conway-North Myrtle Beach, SC-NC",294614,0.3724025334844916
2017,34900,"Napa, CA",55858,0.14339933402556482
2017,34940,"Naples-Immokalee-Marco Island, FL",214429,0.32679348409030495
2017,34980,"Nashville-Davidson--Murfreesboro--Franklin, TN",839851,0.0831290312210142
2017,35300,"New Haven-Milford, CT",367217,0.11540860036436222
2017,35380,"New Orleans-Metairie, LA",558376,0.13709400117483558
2017,35620,"New York-Newark-Jersey City, NY-NJ-PA",7944570,0.09576666830300444
2017,35660,"Niles-Benton Harbor, MI",77508,0.17213706972183518
2017,35840,"North Port-Sarasota-Bradenton, FL",431043,0.23686731950176665
2017,35980,"Norwich-New London, CT",123345,0.13113624386882322
2017,36100,"Ocala, FL",168373,0.16483046569224283
2017,36140,"Ocean City, NJ",104890,0.5758318238154256
2017,36220,"Odessa, TX",58178,0.11671078414520952
2017,36260,"Ogden-Clearfield, UT",200704,0.0618522799744898
2017,36420,"Oklahoma City, OK",605034,0.11224823728914408
2017,36500,"Olympia-Tumwater, WA",116820,0.04060948467728129
2017,36540,"Omaha-Council Bluffs, NE-IA",431461,0.07263692431065612
2017,36740,"Orlando-Kissimmee-Sanford, FL",1007836,0.15486845081937933
2017,36780,"Oshkosh-Neenah, WI",75633,0.07435907606468076
2017,36980,"Owensboro, KY",47575,0.052506568575932736
2017,37100,"Oxnard-Thousand Oaks-Ventura, CA",288778,0.05779872427955038
2017,37340,"Palm Bay-Melbourne-Titusville, FL",278139,0.17888178213051747
2017,37620,"Parkersburg-Vienna, WV",46779,0.16706214326941576
2017,37860,"Pensacola-Ferry Pass-Brent, FL",213304,0.1344653639875483
2017,37980,"Philadelphia-Camden-Wilmington, PA-NJ-DE-MD",2501222,0.08242611011737462
2017,38060,"Phoenix-Mesa-Scottsdale, AZ",1906872,0.12325945317776967
2017,38300,"Pittsburgh, PA",1103253,0.11431013557180447
2017,38340,"Pittsfield, MA",69240,0.21730213749277874
2017,38860,"Portland-South Portland, ME",273401,0.20953105511684303
2017,38900,"Portland-Vancouver-Hillsboro, OR-WA",997994,0.057449243181822734
2017,38940,"Port St. Lucie, FL",221182,0.2018337839426355
2017,39140,"Prescott, AZ",116534,0.15587725470678085
2017,39300,"Providence-Warwick, RI-MA",717866,0.11212677574923453
2017,39340,"Provo-Orem, UT",172795,0.04685899476257994
2017,39380,"Pueblo, CO",67391,0.0800106839192177
2017,39460,"Punta Gorda, FL",103986,0.2686034658511723
2017,39540,"Racine, WI",82775,0.0640531561461794
2017,39580,"Raleigh, NC",562149,0.08232692755835197
2017,39740,"Reading, PA",167054,0.07122846504723024
2017,39820,"Redding, CA",78846,0.08723334094310428
2017,39900,"Reno, NV",196545,0.0804802971329721
2017,40060,"Richmond, VA",520644,0.08876506787747482
2017,40140,"Riverside-San Bernardino-Ontario, CA",1559532,0.13759384225524068
2017,40220,"Roanoke, VA",159414,0.11419950568958812
2017,40380,"Rochester, NY",496962,0.10252695377111329
2017,40420,"Rockford, IL",145798,0.09134556029575165
2017,40580,"Rocky Mount, NC",68063,0.16132112895405726
2017,40900,"Sacramento--Roseville--Arden-Arcade, CA",901894,0.08003268676806809
2017,40980,"Saginaw, MI",87586,0.07568561185577603
2017,41100,"St. George, UT",68214,0.1770164482364324
2017,41140,"St. Joseph, MO-KS",50447,0.12087933871191547
2017,41180,"St. Louis, MO-IL",1275209,0.11203026327449069
2017,41500,"Salinas, CA",160533,0.11101767237888784
2017,41540,"Salisbury, MD-DE",249199,0.3815625263343753
2017,41620,"Salt Lake City, UT",437790,0.05290207633797026
2017,41660,"San Angelo, TX",48481,0.13244363771374354
2017,41700,"San Antonio-New Braunfels, TX",866588,0.09386698177219163
2017,41740,"San Diego-Carlsbad, CA",1214151,0.07235838046503276
2017,41860,"San Francisco-Oakland-Hayward, CA",1808813,0.06331942550169642
2017,41940,"San Jose-Sunnyvale-Santa Clara, CA",671151,0.055637255997532595
2017,42020,"San Luis Obispo-Paso Robles-Arroyo Grande, CA",121918,0.1425056185304877
2017,42100,"Santa Cruz-Watsonville, CA",106329,0.09769677134177882
2017,42140,"Santa Fe, NM",73156,0.1674913882661709
2017,42200,"Santa Maria-Santa Barbara, CA",156806,0.061120110199864804
2017,42220,"Santa Rosa, CA",209308,0.09784623616870831
2017,42540,"Scranton--Wilkes-Barre--Hazleton, PA",233763,0.15040874732100462
2017,42660,"Seattle-Tacoma-Bellevue, WA",1590659,0.06314426913625108
2017,42680,"Sebastian-Vero Beach, FL",80017,0.27460414661884347
2017,43100,"Sheboygan, WI",50860,0.05302791977978765
2017,43340,"Shreveport-Bossier City, LA",190084,0.14948128195955473
2017,43900,"Spartanburg, SC",129194,0.10394445562487423
2017,44060,"Spokane-Spokane Valley, WA",273571,0.10515368953580606
2017,44100,"Springfield, IL",91745,0.0780532999073519
2017,44140,"Springfield, MA",239337,0.06861454768798807
2017,44180,"Springfield, MO",182510,0.08724453454605227
2017,44220,"Springfield, OH",61265,0.11815881824859219
2017,44300,"State College, PA",66733,0.12143916802781232
2017,44700,"Stockton-Lodi, CA",242821,0.06670345645557839
2017,45060,"Syracuse, NY",300097,0.12786199128948306
2017,45300,"Tampa-St. Petersburg-Clearwater, FL",1419660,0.14802347040840766
2017,45780,"Toledo, OH",303232,0.13568488813845506
2017,45820,"Topeka, KS",101259,0.08564177011426145
2017,45940,"Trenton, NJ",144902,0.1114132310113042
2017,46060,"Tucson, AZ",459912,0.12250387030562368
2017,46220,"Tuscaloosa, AL",100736,0.21628811944091486
2017,46340,"Tyler, TX",90324,0.14426951862185022
2017,46520,"Urban Honolulu, HI",350746,0.1088907642567556
2017,46540,"Utica-Rome, NY",130716,0.18731448330732275
2017,46700,"Vallejo-Fairfield, CA",157915,0.04298515023905265
2017,47260,"Virginia Beach-Norfolk-Newport News, VA-NC",687594,0.09985834664060478
2017,47300,"Visalia-Porterville, CA",148986,0.07658437705556227
2017,47380,"Waco, TX",101601,0.1035029182783634
2017,47900,"Washington-Arlington-Alexandria, DC-VA-MD-WV",2318688,0.06423675802867829
2017,48140,"Wausau, WI",59217,0.06977725990847224
2017,48300,"Wenatchee, WA",54620,0.22246429879165142
2017,48620,"Wichita, KS",260653,0.1039734819856284
2017,48660,"Wichita Falls, TX",55998,0.13600485731633272
2017,48900,"Wilmington, NC",140330,0.15925318891185064
2017,49180,"Winston-Salem, NC",286869,0.11450871303626393
2017,49340,"Worcester, MA-CT",382298,0.08464077761327551
2017,49420,"Yakima, WA",88610,0.07340029342060715
2017,49620,"York-Hanover, PA",184156,0.06719846217337475
2017,49660,"Youngstown-Warren-Boardman, OH-PA",259410,0.10787170887783817
2017,49700,"Yuba City, CA",63008,0.0767362874555612
2017,49740,"Yuma, AZ",92441,0.19278242338356358
2018,0,Not in identifiable area,33101749,0.18641084493752882
2018,10420,"Akron, OH",315526,0.09026831386319986
2018,10580,"Albany-Schenectady-Troy, NY",392899,0.13308509311553351
2018,10740,"Albuquerque, NM",383834,0.08051657747880595
2018,10900,"Allentown-Bethlehem-Easton, PA-NJ",350538,0.0856911376227399
2018,11100,"Amarillo, TX",105417,0.09876016202320309
2018,11260,"Anchorage, AK",191577,0.16546871492924517
2018,11460,"Ann Arbor, MI",151576,0.056103868686335566
2018,11500,"Anniston-Oxford-Jacksonville, AL",53888,0.17859263657957244
2018,11700,"Asheville, NC",269958,0.1872587587698827
2018,12060,"Atlanta-Sandy Springs-Roswell, GA",2315364,0.08242375712846879
2018,12100,"Atlantic City-Hammonton, NJ",122819,0.24659051124011758
2018,12220,"Auburn-Opelika, AL",70335,0.15690623444942062
2018,12260,"Augusta-Richmond County, GA-SC",235561,0.17180687804857342
2018,12420,"Austin-Round Rock, TX",874816,0.08463036798595362
2018,12540,"Bakersfield, CA",300423,0.09072541050452196
2018,12580,"Baltimore-Columbia-Towson, MD",1142820,0.0941469347753802
2018,12620,"Bangor, ME",76144,0.18883956713595293
2018,12700,"Barnstable Town, MA",194868,0.5011443643902539
2018,12940,"Baton Rouge, LA",358048,0.15790899544195192
2018,13140,"Beaumont-Port Arthur, TX",171511,0.1836441977482494
2018,13380,"Bellingham, WA",97817,0.11027735465205435
2018,13460,"Bend-Redmond, OR",91040,0.1218145869947276
2018,13780,"Binghamton, NY",106591,0.14929027779080786
2018,13820,"Birmingham-Hoover, AL",517724,0.1625692453894353
2018,13900,"Bismarck, ND",65460,0.09272838374579896
2018,13980,"Blacksburg-Christiansburg-Radford, VA",81873,0.16441317650507492
2018,14010,"Bloomington, IL",72676,0.0918872805327756
2018,14020,"Bloomington, IN",62067,0.08001031143763997
2018,14260,"Boise City, ID",290857,0.04562379451070457
2018,14460,"Boston-Cambridge-Newton, MA-NH",1991217,0.06338585899979761
2018,14740,"Bremerton-Silverdale, WA",113732,0.07314564062884676
2018,14860,"Bridgeport-Stamford-Norwalk, CT",374480,0.07703482161931212
2018,15180,"Brownsville-Harlingen, TX",152374,0.18088387782692586
2018,15380,"Buffalo-Cheektowaga-Niagara Falls, NY",530321,0.09469547689041166
2018,15500,"Burlington, NC",71668,0.09704470614500195
2018,15540,"Burlington-South Burlington, VT",98586,0.11419471324528838
2018,15940,"Canton-Massillon, OH",180625,0.0941121107266436
2018,15980,"Cape Coral-Fort Myers, FL",399741,0.2964894769363163
2018,16580,"Champaign-Urbana, IL",93299,0.09772880738271579
2018,16620,"Charleston, WV",96899,0.15771060588860566
2018,16700,"Charleston-North Charleston, SC",339519,0.1328143638500349
2018,16740,"Charlotte-Concord-Gastonia, NC-SC",1072885,0.0908298652698099
2018,16860,"Chattanooga, TN-GA",237021,0.10252256129203742
2018,16980,"Chicago-Naperville-Elgin, IL-IN-WI",3838568,0.08312891682523274
2018,17020,"Chico, CA",100038,0.11398668505967732
2018,17140,"Cincinnati, OH-KY-IN",916750,0.08123479683665122
2018,17300,"Clarksville, TN-KY",137267,0.14291854560819425
2018,17460,"Cleveland-Elyria, OH",963538,0.10118957425654204
2018,17660,"Coeur d'Alene, ID",67427,0.07483648983344951
2018,17780,"College Station-Bryan, TX",92697,0.1258508905358318
2018,17820,"Colorado Springs, CO",288688,0.058859391453749375
2018,17860,"Columbia, MO",78945,0.0852365570967129
2018,17900,"Columbia, SC",359090,0.12252081650839622
2018,18140,"Columbus, OH",826314,0.07465684957534303
2018,18580,"Corpus Christi, TX",207597,0.17449674128238848
2018,19100,"Dallas-Fort Worth-Arlington, TX",2797856,0.07984792641222421
2018,19300,"Daphne-Fairhope-Foley, AL",116632,0.28406440770971947
2018,19380,"Dayton, OH",370029,0.10432425566644776
2018,19460,"Decatur, AL",67766,0.14613523005637044
2018,19500,"Decatur, IL",50405,0.11594087888106339
2018,19660,"Deltona-Daytona Beach-Ormond Beach, FL",314585,0.17464914093170367
2018,19740,"Denver-Aurora-Lakewood, CO",1223713,0.04864130723462119
2018,19780,"Des Moines-West Des Moines, IA",300603,0.07425408262725255
2018,19820,"Detroit-Warren-Dearborn, MI",1875983,0.10603774128017152
2018,20100,"Dover, DE",73086,0.07177845278165448
2018,20700,"East Stroudsburg, PA",81664,0.3251738832288401
2018,20740,"Eau Claire, WI",67971,0.07512027188065498
2018,20940,"El Centro, CA",57893,0.2786001761871038
2018,21140,"Elkhart-Goshen, IN",79357,0.07352848519979334
2018,21340,"El Paso, TX",299672,0.09847766891801703
2018,21500,"Erie, PA",121615,0.09717551288903507
2018,21660,"Eugene, OR",163490,0.045378922258242096
2018,22180,"Fayetteville, NC",147100,0.13060503059143438
2018,22220,"Fayetteville-Springdale-Rogers, AR-MO",203494,0.06567761211632775
2018,22380,"Flagstaff, AZ",66838,0.2926927795565397
2018,22500,"Florence, SC",91984,0.1756501130631414
2018,22660,"Fort Collins, CO",151840,0.08205347734457323
2018,23060,"Fort Wayne, IN",159269,0.07302739390590761
2018,23420,"Fresno, CA",333809,0.07276316696074701
2018,23460,"Gadsden, AL",47847,0.19273935669947959
2018,23540,"Gainesville, FL",118966,0.17805927744061328
2018,23580,"Gainesville, GA",74431,0.12684231032768606
2018,24020,"Glens Falls, NY",69804,0.25511432009626955
2018,24140,"Goldsboro, NC",54418,0.10013230916240949
2018,24300,"Grand Junction, CO",58927,0.059140971031954793
2018,24340,"Grand Rapids-Wyoming, MI",368238,0.05635757309131594
2018,24660,"Greensboro-High Point, NC",359688,0.10563043526611952
2018,24780,"Greenville, NC",80244,0.13653357260355914
2018,24860,"Greenville-Anderson-Mauldin, SC",430485,0.1259207637896791
2018,25060,"Gulfport-Biloxi-Pascagoula, MS",156623,0.14421892059276095
2018,25260,"Hanford-Corcoran, CA",46649,0.06263799867092543
2018,25420,"Harrisburg-Carlisle, PA",252622,0.07533389807696875
2018,25500,"Harrisonburg, VA",54152,0.11386467720490472
2018,25540,"Hartford-West Hartford-East Hartford, CT",517008,0.08970847646458081
2018,25860,"Hickory-Lenoir-Morganton, NC",186432,0.1250214555441126
2018,25940,"Hilton Head Island-Bluffton-Beaufort, SC",112376,0.2521356873353741
2018,26140,"Homosassa Springs, FL",79988,0.22122068310246537
2018,26380,"Houma-Thibodaux, LA",99043,0.15309512030128328
2018,26420,"Houston-The Woodlands-Sugar Land, TX",2607378,0.10525554791058297
2018,26620,"Huntsville, AL",188368,0.08119744330247176
2018,26900,"Indianapolis-Carmel-Anderson, IN",867509,0.09701686092017489
2018,26980,"Iowa City, IA",65024,0.063914862204724407
2018,27060,"Ithaca, NY",43883,0.08276553562883121
2018,27100,"Jackson, MI",69696,0.10182793847566575
2018,27140,"Jackson, MS",267833,0.14733061273256096
2018,27180,"Jackson, TN",50242,0.10891286174913418
2018,27260,"Jacksonville, FL",639276,0.11954148130072144
2018,27500,"Janesville-Beloit, WI",69235,0.06648371488409041
2018,27620,"Jefferson City, MO",65775,0.13258836944127708
2018,27780,"Johnstown, PA",66035,0.1446505640947982
2018,27900,"Joplin, MO",76587,0.0710564456108739
2018,28020,"Kalamazoo-Portage, MI",176613,0.12979791974543212
2018,28100,"Kankakee, IL",45644,0.10958724038208746
2018,28140,"Kansas City, MO-KS",939593,0.08894702280668332
2018,28940,"Knoxville, TN",438777,0.13224941143223096
2018,29100,"La Crosse-Onalaska, WI-MN",50573,0.05237972831352698
2018,29180,"Lafayette, LA",235336,0.1342718496107693
2018,29200,"Lafayette-West Lafayette, IN",76740,0.08203023195204587
2018,29420,"Lake Havasu City-Kingman, AZ",130375,0.23651006711409395
2018,29460,"Lakeland-Winter Haven, FL",299432,0.1945717224611932
2018,29540,"Lancaster, PA",212243,0.04595204553271486
2018,29620,"Lansing-East Lansing, MI",203771,0.08312272109377684
2018,29700,"Laredo, TX",84466,0.10850519735751664
2018,29740,"Las Cruces, NM",89060,0.09714799011902088
2018,29820,"Las Vegas-Henderson-Paradise, NV",913385,0.11471394866348801
2018,29940,"Lawrence, KS",51068,0.04233570925041122
2018,30140,"Lebanon, PA",58010,0.06012756421306671
2018,30340,"Lewiston-Auburn, ME",50052,0.102992887397107
2018,30620,"Lima, OH",45192,0.08826783501504691
2018,30700,"Lincoln, NE",133465,0.056554152774135544
2018,30780,"Little Rock-North Little Rock-Conway, AR",315560,0.13485549499302826
2018,31080,"Los Angeles-Long Beach-Anaheim, CA",4672298,0.06813713508855813
2018,31140,"Louisville/Jefferson County, KY-IN",551712,0.09839010208224581
2018,31180,"Lubbock, TX",129669,0.10784381772050375
2018,31340,"Lynchburg, VA",117599,0.12262859378055936
2018,31460,"Madera, CA",50971,0.12724882776480745
2018,31700,"Manchester-Nashua, NH",151879,0.058046207836501426
2018,31900,"Mansfield, OH",54173,0.11201151865320362
2018,32580,"McAllen-Edinburg-Mission, TX",281655,0.1573946849869521
2018,32780,"Medford, OR",96251,0.06715774381564867
2018,32820,"Memphis, TN-MS-AR",527217,0.1214319720342857
2018,32900,"Merced, CA",85766,0.07321082946622205
2018,33100,"Miami-Fort Lauderdale-West Palm Beach, FL",2539286,0.15943930695478967
2018,33140,"Michigan City-La Porte, IN",49209,0.12369688471621045
2018,33260,"Midland, TX",61872,0.06846392552366175
2018,33340,"Milwaukee-Waukesha-West Allis, WI",681231,0.06874613750695432
2018,33460,"Minneapolis-St. Paul-Bloomington, MN-WI",1485905,0.055177820923948705
2018,33660,"Mobile, AL",184687,0.14109818233010446
2018,33700,"Modesto, CA",182305,0.039137708784728886
2018,33740,"Monroe, LA",69035,0.19462591439125082
2018,33780,"Monroe, MI",64803,0.04964276345230931
2018,33860,"Montgomery, AL",168054,0.15070156021278874
2018,34060,"Morgantown, WV",60241,0.11732872960276224
2018,34620,"Muncie, IN",52731,0.14071419089340237
2018,34740,"Muskegon, MI",74301,0.09562455417827485
2018,34820,"Myrtle Beach-Conway-North Myrtle Beach, SC-NC",303038,0.3796619565863027
2018,34900,"Napa, CA",55465,0.14693951140358785
2018,34940,"Naples-Immokalee-Marco Island, FL",218279,0.339515024349571
2018,34980,"Nashville-Davidson--Murfreesboro--Franklin, TN",862013,0.0924452415450811
2018,35300,"New Haven-Milford, CT",367766,0.08762909023672662
2018,35380,"New Orleans-Metairie, LA",559529,0.1377748070251944
2018,35620,"New York-Newark-Jersey City, NY-NJ-PA",7981962,0.09048000980210129
2018,35660,"Niles-Benton Harbor, MI",77645,0.16565136196793095
2018,35840,"North Port-Sarasota-Bradenton, FL",438587,0.23724369395353714
2018,35980,"Norwich-New London, CT",123618,0.12554805934410845
2018,36100,"Ocala, FL",170483,0.15879589167248348
2018,36140,"Ocean City, NJ",105016,0.5843014397806049
2018,36220,"Odessa, TX",58685,0.0742779245122263
2018,36260,"Ogden-Clearfield, UT",203633,0.06657565325855828
2018,36420,"Oklahoma City, OK",609414,0.09954316769880574
2018,36500,"Olympia-Tumwater, WA",117860,0.060631257424062446
2018,36540,"Omaha-Council Bluffs, NE-IA",435297,0.07483626121935139
2018,36740,"Orlando-Kissimmee-Sanford, FL",1026430,0.1648071471020917
2018,36780,"Oshkosh-Neenah, WI",76015,0.06161941722028547
2018,36980,"Owensboro, KY",47150,0.09633085896076352
2018,37100,"Oxnard-Thousand Oaks-Ventura, CA",290984,0.06531630605119182
2018,37340,"Palm Bay-Melbourne-Titusville, FL",280390,0.19269232140946538
2018,37620,"Parkersburg-Vienna, WV",47174,0.11175647602492898
2018,37860,"Pensacola-Ferry Pass-Brent, FL",215510,0.15219247366711522
2018,37980,"Philadelphia-Camden-Wilmington, PA-NJ-DE-MD",2510343,0.08493421018562006
2018,38060,"Phoenix-Mesa-Scottsdale, AZ",1934825,0.1079275903505485
2018,38300,"Pittsburgh, PA",1107381,0.10246067071766628
2018,38340,"Pittsfield, MA",69393,0.20435778824953527
2018,38860,"Portland-South Portland, ME",275704,0.17212662855816382
2018,38900,"Portland-Vancouver-Hillsboro, OR-WA",1013629,0.050585569276332856
2018,38940,"Port St. Lucie, FL",223168,0.185201283338113
2018,39140,"Prescott, AZ",118410,0.14841651887509502
2018,39300,"Providence-Warwick, RI-MA",720674,0.1213724929718569
2018,39340,"Provo-Orem, UT",180020,0.049455616042661923
2018,39380,"Pueblo, CO",67642,0.08120694243221667
2018,39460,"Punta Gorda, FL",105164,0.28706591609295956
2018,39540,"Racine, WI",82908,0.07357552950258117
2018,39580,"Raleigh, NC",575593,0.08607644637790939
2018,39740,"Reading, PA",167383,0.061995543155517585
2018,39820,"Redding, CA",79187,0.13876015002462525
2018,39900,"Reno, NV",201065,0.07637331211299829
2018,40060,"Richmond, VA",528401,0.07182802454953718
2018,40140,"Riverside-San Bernardino-Ontario, CA",1574567,0.13198549188443554
2018,40220,"Roanoke, VA",157830,0.14378761959069886
2018,40380,"Rochester, NY",498438,0.1110589481540332
2018,40420,"Rockford, IL",145829,0.0876300324352495
2018,40580,"Rocky Mount, NC",68181,0.13694430999838664
2018,40900,"Sacramento--Roseville--Arden-Arcade, CA",911214,0.08314402544298047
2018,40980,"Saginaw, MI",87810,0.10329119690240292
2018,41100,"St. George, UT",71349,0.16098333543567533
2018,41140,"St. Joseph, MO-KS",50500,0.13405940594059407
2018,41180,"St. Louis, MO-IL",1280891,0.10275113182932819
2018,41500,"Salinas, CA",161839,0.10367711120310927
2018,41540,"Salisbury, MD-DE",251638,0.3589799632805856
2018,41620,"Salt Lake City, UT",445240,0.0565762285508939
2018,41660,"San Angelo, TX",48619,0.10938110615191592
2018,41700,"San Antonio-New Braunfels, TX",877689,0.0902369746003425
2018,41740,"San Diego-Carlsbad, CA",1224390,0.07634658891366312
2018,41860,"San Francisco-Oakland-Hayward, CA",1825205,0.06916209412093437
2018,41940,"San Jose-Sunnyvale-Santa Clara, CA",678453,0.04926354515345942
2018,42020,"San Luis Obispo-Paso Robles-Arroyo Grande, CA",122971,0.13639801253954184
2018,42100,"Santa Cruz-Watsonville, CA",106718,0.10985963005303698
2018,42140,"Santa Fe, NM",73463,0.1464138409811742
2018,42200,"Santa Maria-Santa Barbara, CA",158315,0.07637305372200992
2018,42220,"Santa Rosa, CA",205247,0.08678811383357612
2018,42540,"Scranton--Wilkes-Barre--Hazleton, PA",233141,0.13342140593031684
2018,42660,"Seattle-Tacoma-Bellevue, WA",1617428,0.0563969462628321
2018,42680,"Sebastian-Vero Beach, FL",81037,0.28876932759110036
2018,43100,"Sheboygan, WI",51352,0.0982434958716311
2018,43340,"Shreveport-Bossier City, LA",190971,0.15867854281540128
2018,43900,"Spartanburg, SC",131448,0.11739242894528634
2018,44060,"Spokane-Spokane Valley, WA",277016,0.0953807722297629
2018,44100,"Springfield, IL",91928,0.09705421634322513
2018,44140,"Springfield, MA",241115,0.07491445990502457
2018,44180,"Springfield, MO",184177,0.0558267318937761
2018,44220,"Springfield, OH",61307,0.0975418793938702
2018,44300,"State College, PA",67155,0.12867247412701957
2018,44700,"Stockton-Lodi, CA",245561,0.05555442435891693
2018,45060,"Syracuse, NY",299976,0.13147385124143265
2018,45300,"Tampa-St. Petersburg-Clearwater, FL",1435397,0.14499054965281383
2018,45780,"Toledo, OH",303770,0.13233367350297923
2018,45820,"Topeka, KS",102057,0.09778849074536779
2018,45940,"Trenton, NJ",145132,0.08373756304605462
2018,46060,"Tucson, AZ",462778,0.13063499129172088
2018,46220,"Tuscaloosa, AL",102272,0.20664502503128912
2018,46340,"Tyler, TX",91101,0.15116189723493706
2018,46520,"Urban Honolulu, HI",352582,0.12585157495277693
2018,46540,"Utica-Rome, NY",131331,0.19205671166746618
2018,46700,"Vallejo-Fairfield, CA",158815,0.04108553977898813
2018,47260,"Virginia Beach-Norfolk-Newport News, VA-NC",690509,0.08622914400826057
2018,47300,"Visalia-Porterville, CA",150217,0.07336053842108417
2018,47380,"Waco, TX",102458,0.1005289972476527
2018,47900,"Washington-Arlington-Alexandria, DC-VA-MD-WV",2336074,0.058511845087099126
2018,48140,"Wausau, WI",59706,0.05796737346330352
2018,48300,"Wenatchee, WA",55248,0.13379669852302345
2018,48620,"Wichita, KS",262880,0.10129336579427876
2018,48660,"Wichita Falls, TX",56007,0.1651400717767422
2018,48900,"Wilmington, NC",142860,0.15381492370152597
2018,49180,"Winston-Salem, NC",289990,0.10078278561329701
2018,49340,"Worcester, MA-CT",384243,0.08461312242513201
2018,49420,"Yakima, WA",89129,0.0651639758103423
2018,49620,"York-Hanover, PA",184880,0.05907615750757248
2018,49660,"Youngstown-Warren-Boardman, OH-PA",259297,0.12271256512801922
2018,49700,"Yuba City, CA",63163,0.07889112296756012
2018,49740,"Yuma, AZ",93571,0.20348184800846417
2019,0,Not in identifiable area,33284724,0.1833404416993213
2019,10420,"Akron, OH",316217,0.0966677945840989
2019,10580,"Albany-Schenectady-Troy, NY",394722,0.11290477855300693
2019,10740,"Albuquerque, NM",386129,0.09514954846696311
2019,10900,"Allentown-Bethlehem-Easton, PA-NJ",351530,0.08314795323300998
2019,11100,"Amarillo, TX",105947,0.10860147054659405
2019,11260,"Anchorage, AK",192769,0.1751215185014188
2019,11460,"Ann Arbor, MI",152272,0.06955973521067563
2019,11500,"Anniston-Oxford-Jacksonville, AL",53809,0.17047334089092903
2019,11700,"Asheville, NC",272642,0.18687509628010357
2019,12060,"Atlanta-Sandy Springs-Roswell, GA",2350250,0.07244420806297203
2019,12100,"Atlantic City-Hammonton, NJ",123626,0.2102955688932749
2019,12220,"Auburn-Opelika, AL",71228,0.09520132532150279
2019,12260,"Augusta-Richmond County, GA-SC",238228,0.19430125761875178
2019,12420,"Austin-Round Rock, TX",904532,0.07923766102249562
2019,12540,"Bakersfield, CA",302927,0.09915920337242966
2019,12580,"Baltimore-Columbia-Towson, MD",1148240,0.09082160523932278
2019,12620,"Bangor, ME",76369,0.16070656941952888
2019,12700,"Barnstable Town, MA",195510,0.44590558027722366
2019,12940,"Baton Rouge, LA",360974,0.17544476887532065
2019,13140,"Beaumont-Port Arthur, TX",172905,0.17795899482374714
2019,13380,"Bellingham, WA",99210,0.10498941638947687
2019,13460,"Bend-Redmond, OR",92781,0.1751759519729255
2019,13780,"Binghamton, NY",108068,0.12142354813635858
2019,13820,"Birmingham-Hoover, AL",519171,0.13482263069393322
2019,13900,"Bismarck, ND",65843,0.14069832784046898
2019,13980,"Blacksburg-Christiansburg-Radford, VA",79212,0.13611574003938798
2019,14010,"Bloomington, IL",72761,0.1050562801500804
2019,14020,"Bloomington, IN",62393,0.13366884105588767
2019,14260,"Boise City, ID",299078,0.04436635259029417
2019,14460,"Boston-Cambridge-Newton, MA-NH",2000715,0.06464089088150986
2019,14740,"Bremerton-Silverdale, WA",114895,0.0641542277731842
2019,14860,"Bridgeport-Stamford-Norwalk, CT",375368,0.09274099017497496
2019,15180,"Brownsville-Harlingen, TX",154022,0.16046408954564934
2019,15380,"Buffalo-Cheektowaga-Niagara Falls, NY",531436,0.07994001159123582
2019,15500,"Burlington, NC",72889,0.11660195639945671
2019,15540,"Burlington-South Burlington, VT",99719,0.09887784674936571
2019,15940,"Canton-Massillon, OH",180808,0.08345869651785319
2019,15980,"Cape Coral-Fort Myers, FL",408569,0.2978248472106303
2019,16580,"Champaign-Urbana, IL",94700,0.13658922914466737
2019,16620,"Charleston, WV",96086,0.1531128364173761
2019,16700,"Charleston-North Charleston, SC",345825,0.12120292055230246
2019,16740,"Charlotte-Concord-Gastonia, NC-SC",1094132,0.09632018805774806
2019,16860,"Chattanooga, TN-GA",242162,0.11389483073314557
2019,16980,"Chicago-Naperville-Elgin, IL-IN-WI",3849595,0.08531261080711088
2019,17020,"Chico, CA",86212,0.09929012202477613
2019,17140,"Cincinnati, OH-KY-IN",920880,0.07707736078533577
2019,17300,"Clarksville, TN-KY",140476,0.1236438964663003
2019,17460,"Cleveland-Elyria, OH",964496,0.09524974701813176
2019,17660,"Coeur d'Alene, ID",69753,0.10218915315470302
2019,17780,"College Station-Bryan, TX",94330,0.15222092653450653
2019,17820,"Colorado Springs, CO",293652,0.060864560772615206
2019,17860,"Columbia, MO",79353,0.10877975627890565
2019,17900,"Columbia, SC",363035,0.12405690911344636
2019,18140,"Columbus, OH",834231,0.06692870439962073
2019,18580,"Corpus Christi, TX",209851,0.17204111488627646
2019,19100,"Dallas-Fort Worth-Arlington, TX",2853598,0.08463595783288326
2019,19300,"Daphne-Fairhope-Foley, AL",119425,0.3106468494871258
2019,19380,"Dayton, OH",370810,0.1039696879803673
2019,19460,"Decatur, AL",67771,0.12477313305101002
2019,19500,"Decatur, IL",50316,0.15056840766356627
2019,19660,"Deltona-Daytona Beach-Ormond Beach, FL",317977,0.17001544136840085
2019,19740,"Denver-Aurora-Lakewood, CO",1246966,0.04732125815780061
2019,19780,"Des Moines-West Des Moines, IA",305375,0.05410724519033975
2019,19820,"Detroit-Warren-Dearborn, MI",1879889,0.10280234630874482
2019,20100,"Dover, DE",74309,0.08655748294284676
2019,20700,"East Stroudsburg, PA",81828,0.31228919196363103
2019,20740,"Eau Claire, WI",68460,0.07655565293602104
2019,20940,"El Centro, CA",58285,0.1733379085528009
2019,21140,"Elkhart-Goshen, IN",79764,0.1405521287799007
2019,21340,"El Paso, TX",301465,0.10719652364287728
2019,21500,"Erie, PA",121861,0.09628182929731416
2019,21660,"Eugene, OR",164774,0.055530605556701904
2019,22180,"Fayetteville, NC",147330,0.13028575307133647
2019,22220,"Fayetteville-Springdale-Rogers, AR-MO",208478,0.08864244668502191
2019,22380,"Flagstaff, AZ",67491,0.27409580536664147
2019,22500,"Florence, SC",92831,0.1614008251553899
2019,22660,"Fort Collins, CO",154407,0.05031507638902381
2019,23060,"Fort Wayne, IN",160704,0.08974885503783353
2019,23420,"Fresno, CA",336479,0.06094288202235504
2019,23460,"Gadsden, AL",47855,0.16303416570891233
2019,23540,"Gainesville, FL",120226,0.14308884933375476
2019,23580,"Gainesville, GA",76167,0.1384063964709126
2019,24020,"Glens Falls, NY",69928,0.232281775540556
2019,24140,"Goldsboro, NC",54705,0.11432227401517228
2019,24300,"Grand Junction, CO",59457,0.058849252400894767
2019,24340,"Grand Rapids-Wyoming, MI",371381,0.05637875927955388
2019,24660,"Greensboro-High Point, NC",361287,0.109804670525095
2019,24780,"Greenville, NC",81191,0.12715695089357196
2019,24860,"Greenville-Anderson-Mauldin, SC",436599,0.12732049317566005
2019,25060,"Gulfport-Biloxi-Pascagoula, MS",157386,0.16796284294664074
2019,25260,"Hanford-Corcoran, CA",46958,0.04678649005494272
2019,25420,"Harrisburg-Carlisle, PA",254393,0.07872858136819802
2019,25500,"Harrisonburg, VA",54529,0.13627610995983788
2019,25540,"Hartford-West Hartford-East Hartford, CT",518329,0.07999166552517803
2019,25860,"Hickory-Lenoir-Morganton, NC",187821,0.1264608323882846
2019,25940,"Hilton Head Island-Bluffton-Beaufort, SC",115366,0.2710677322608047
2019,26140,"Homosassa Springs, FL",80902,0.20338186942226397
2019,26380,"Houma-Thibodaux, LA",99007,0.14420192511640592
2019,26420,"Houston-The Woodlands-Sugar Land, TX",2659874,0.09413791781114443
2019,26620,"Huntsville, AL",189393,0.07748438432254624
2019,26900,"Indianapolis-Carmel-Anderson, IN",875563,0.09340618550578314
2019,26980,"Iowa City, IA",66252,0.08257863913542232
2019,27060,"Ithaca, NY",44633,0.09661013151703897
2019,27100,"Jackson, MI",69818,0.1205276576241084
2019,27140,"Jackson, MS",266583,0.14491171605091097
2019,27180,"Jackson, TN",50877,0.1096762780824341
2019,27260,"Jacksonville, FL",652472,0.1247777682413958
2019,27500,"Janesville-Beloit, WI",69429,0.059240375059413215
2019,27620,"Jefferson City, MO",66306,0.09920670829185896
2019,27780,"Johnstown, PA",66019,0.1443372362501704
2019,27900,"Joplin, MO",77117,0.1289987940402246
2019,28020,"Kalamazoo-Portage, MI",177131,0.12353004273673157
2019,28100,"Kankakee, IL",45753,0.13487640154743952
2019,28140,"Kansas City, MO-KS",947922,0.09106128985296258
2019,28940,"Knoxville, TN",443339,0.1215976938640634
2019,29100,"La Crosse-Onalaska, WI-MN",51029,0.05590938485958964
2019,29180,"Lafayette, LA",236902,0.13366286481329834
2019,29200,"Lafayette-West Lafayette, IN",78334,0.056399520004085074
2019,29420,"Lake Havasu City-Kingman, AZ",131694,0.22262973256184793
2019,29460,"Lakeland-Winter Haven, FL",304440,0.21616738930495336
2019,29540,"Lancaster, PA",213299,0.040318988837266
2019,29620,"Lansing-East Lansing, MI",204329,0.07489881514616134
2019,29700,"Laredo, TX",85800,0.11041958041958042
2019,29740,"Las Cruces, NM",89967,0.12085542476685895
2019,29820,"Las Vegas-Henderson-Paradise, NV",924533,0.1199827372305802
2019,29940,"Lawrence, KS",51770,0.06300946494108557
2019,30140,"Lebanon, PA",58258,0.07547461292869649
2019,30340,"Lewiston-Auburn, ME",50309,0.0871613429008726
2019,30620,"Lima, OH",45188,0.10462954766752235
2019,30700,"Lincoln, NE",134993,0.048950686331883875
2019,30780,"Little Rock-North Little Rock-Conway, AR",316759,0.12584330674108707
2019,31080,"Los Angeles-Long Beach-Anaheim, CA",4697487,0.06916251178555682
2019,31140,"Louisville/Jefferson County, KY-IN",556030,0.10355556354872938
2019,31180,"Lubbock, TX",130778,0.10157671779657129
2019,31340,"Lynchburg, VA",117772,0.1264562035118704
2019,31460,"Madera, CA",51440,0.13711119751166406
2019,31700,"Manchester-Nashua, NH",153218,0.06084794214778942
2019,31900,"Mansfield, OH",54101,0.07927764736326501
2019,32580,"McAllen-Edinburg-Mission, TX",285996,0.1344459363068015
2019,32780,"Medford, OR",97268,0.09734959082123618
2019,32820,"Memphis, TN-MS-AR",530315,0.11874451976655384
2019,32900,"Merced, CA",86386,0.06646910378996597
2019,33100,"Miami-Fort Lauderdale-West Palm Beach, FL",2553457,0.14677670311268215
2019,33140,"Michigan City-La Porte, IN",49317,0.12606200701583634
2019,33260,"Midland, TX",63193,0.06120931115788141
2019,33340,"Milwaukee-Waukesha-West Allis, WI",683615,0.0705996796442442
2019,33460,"Minneapolis-St. Paul-Bloomington, MN-WI",1501824,0.0535875042614847
2019,33660,"Mobile, AL",185062,0.15733105661886287
2019,33700,"Modesto, CA",182987,0.04529829987922639
2019,33740,"Monroe, LA",69476,0.16755426334273707
2019,33780,"Monroe, MI",65256,0.06713558906460708
2019,33860,"Montgomery, AL",168417,0.13755737247427516
2019,34060,"Morgantown, WV",60379,0.12007486046473112
2019,34620,"Muncie, IN",52715,0.13421227354642892
2019,34740,"Muskegon, MI",74496,0.11204628436426117
2019,34820,"Myrtle Beach-Conway-North Myrtle Beach, SC-NC",310039,0.35891613635703895
2019,34900,"Napa, CA",55659,0.13568335758817082
2019,34940,"Naples-Immokalee-Marco Island, FL",222289,0.36758903949363214
2019,34980,"Nashville-Davidson--Murfreesboro--Franklin, TN",879517,0.092240400128707
2019,35300,"New Haven-Milford, CT",368680,0.10760551155473581
2019,35380,"New Orleans-Metairie, LA",561747,0.13614669949283217
2019,35620,"New York-Newark-Jersey City, NY-NJ-PA",8024682,0.08745056813466254
2019,35660,"Niles-Benton Harbor, MI",77902,0.206580062129342
2019,35840,"North Port-Sarasota-Bradenton, FL",448252,0.25804904384141064
2019,35980,"Norwich-New London, CT",124127,0.11646136618141098
2019,36100,"Ocala, FL",173200,0.15922632794457275
2019,36140,"Ocean City, NJ",104955,0.5685293697298842
2019,36220,"Odessa, TX",59599,0.1081226195070387
2019,36260,"Ogden-Clearfield, UT",206776,0.046214260842650984
2019,36420,"Oklahoma City, OK",612763,0.10312306715646996
2019,36500,"Olympia-Tumwater, WA",119553,0.05556531412846186
2019,36540,"Omaha-Council Bluffs, NE-IA",439146,0.07402777208491025
2019,36740,"Orlando-Kissimmee-Sanford, FL",1047944,0.1749778614124419
2019,36780,"Oshkosh-Neenah, WI",76311,0.06646486089816671
2019,36980,"Owensboro, KY",47275,0.06436805922792173
2019,37100,"Oxnard-Thousand Oaks-Ventura, CA",291547,0.07896839960623844
2019,37340,"Palm Bay-Melbourne-Titusville, FL",282830,0.1866386168369692
2019,37620,"Parkersburg-Vienna, WV",46815,0.15191712058101037
2019,37860,"Pensacola-Ferry Pass-Brent, FL",217666,0.14178144496614078
2019,37980,"Philadelphia-Camden-Wilmington, PA-NJ-DE-MD",2521324,0.07365693580039694
2019,38060,"Phoenix-Mesa-Scottsdale, AZ",1965378,0.10413925463702148
2019,38300,"Pittsburgh, PA",1111068,0.09299160807439329
2019,38340,"Pittsfield, MA",69223,0.22293168455571125
2019,38860,"Portland-South Portland, ME",278064,0.18435683871338973
2019,38900,"Portland-Vancouver-Hillsboro, OR-WA",1027116,0.05513593401329548
2019,38940,"Port St. Lucie, FL",226839,0.1980479547167815
2019,39140,"Prescott, AZ",120652,0.1480870603056725
2019,39300,"Providence-Warwick, RI-MA",721498,0.1154680955456564
2019,39340,"Provo-Orem, UT",186495,0.04501461165178691
2019,39380,"Pueblo, CO",67697,0.07093371936718022
2019,39460,"Punta Gorda, FL",107124,0.2850435009895075
2019,39540,"Racine, WI",83124,0.050755497810499976
2019,39580,"Raleigh, NC",589641,0.080630417491321
2019,39740,"Reading, PA",167863,0.07843300786951264
2019,39820,"Redding, CA",78621,0.07513259816079673
2019,39900,"Reno, NV",205154,0.06978172494808778
2019,40060,"Richmond, VA",534815,0.07958826884062713
2019,40140,"Riverside-San Bernardino-Ontario, CA",1588556,0.13150811176943086
2019,40220,"Roanoke, VA",158177,0.14779645586905807
2019,40380,"Rochester, NY",500377,0.10114373762183314
2019,40420,"Rockford, IL",145799,0.08409522699058293
2019,40580,"Rocky Mount, NC",68394,0.1442085563061087
2019,40900,"Sacramento--Roseville--Arden-Arcade, CA",918822,0.07024320270955636
2019,40980,"Saginaw, MI",88021,0.10191886027198055
2019,41100,"St. George, UT",74059,0.14840870117068825
2019,41140,"St. Joseph, MO-KS",50497,0.12727488761708616
2019,41180,"St. Louis, MO-IL",1285559,0.09982038941814417
2019,41500,"Salinas, CA",163192,0.09656723368792589
2019,41540,"Salisbury, MD-DE",254749,0.3451043968769259
2019,41620,"Salt Lake City, UT",454026,0.06639047103029341
2019,41660,"San Angelo, TX",48910,0.10848497239828256
2019,41700,"San Antonio-New Braunfels, TX",885753,0.09127036544047833
2019,41740,"San Diego-Carlsbad, CA",1233923,0.08224905443856707
2019,41860,"San Francisco-Oakland-Hayward, CA",1841530,0.06533643220582885
2019,41940,"San Jose-Sunnyvale-Santa Clara, CA",686194,0.062182123422822116
2019,42020,"San Luis Obispo-Paso Robles-Arroyo Grande, CA",123969,0.14080939589736144
2019,42100,"Santa Cruz-Watsonville, CA",107000,0.08810280373831776
2019,42140,"Santa Fe, NM",73550,0.15457511896668932
2019,42200,"Santa Maria-Santa Barbara, CA",158917,0.08067104211632488
2019,42220,"Santa Rosa, CA",208293,0.08451076128338446
2019,42540,"Scranton--Wilkes-Barre--Hazleton, PA",235127,0.12355450458688283
2019,42660,"Seattle-Tacoma-Bellevue, WA",1644634,0.06291673405754715
2019,42680,"Sebastian-Vero Beach, FL",82262,0.22300697770538036
2019,43100,"Sheboygan, WI",51418,0.053035901824263876
2019,43340,"Shreveport-Bossier City, LA",191765,0.16508747685969807
2019,43900,"Spartanburg, SC",134034,0.0953265589328081
2019,44060,"Spokane-Spokane Valley, WA",280372,0.08754440529011456
2019,44100,"Springfield, IL",92270,0.09762653083342365
2019,44140,"Springfield, MA",241053,0.06680688479297084
2019,44180,"Springfield, MO",185847,0.029701851523027005
2019,44220,"Springfield, OH",61251,0.11175327749751024
2019,44300,"State College, PA",67401,0.12519102090473436
2019,44700,"Stockton-Lodi, CA",248673,0.07411741524009442
2019,45060,"Syracuse, NY",302589,0.1374504691181768
2019,45300,"Tampa-St. Petersburg-Clearwater, FL",1450606,0.15315805945928804
2019,45780,"Toledo, OH",304246,0.11884790597082624
2019,45820,"Topeka, KS",102682,0.09827428371087435
2019,45940,"Trenton, NJ",145133,0.098413179635231135
2019,46060,"Tucson, AZ",466337,0.11994330280462412
2019,46220,"Tuscaloosa, AL",102676,0.20015388211461296
2019,46340,"Tyler, TX",91844,0.14419014851269543
2019,46520,"Urban Honolulu, HI",354605,0.10790597989312052
2019,46540,"Utica-Rome, NY",131010,0.1712312037249065
2019,46700,"Vallejo-Fairfield, CA",159804,0.05889089134189382
2019,47260,"Virginia Beach-Norfolk-Newport News, VA-NC",694611,0.08139807748509598
2019,47300,"Visalia-Porterville, CA",151599,0.04939346565610591
2019,47380,"Waco, TX",103174,0.09840657529997868
2019,47900,"Washington-Arlington-Alexandria, DC-VA-MD-WV",2355636,0.062145849358729445
2019,48140,"Wausau, WI",59943,0.08638206295981182
2019,48300,"Wenatchee, WA",56052,0.20646899307785627
2019,48620,"Wichita, KS",264318,0.10093523710076499
2019,48660,"Wichita Falls, TX",56193,0.14019539800331002
2019,48900,"Wilmington, NC",144853,0.15960318391748876
2019,49180,"Winston-Salem, NC",293820,0.11470968620243686
2019,49340,"Worcester, MA-CT",388263,0.06301141236739015
2019,49420,"Yakima, WA",89751,0.06417755791021827
2019,49620,"York-Hanover, PA",185652,0.055006140520974724
2019,49660,"Youngstown-Warren-Boardman, OH-PA",259281,0.11045545180711275
2019,49700,"Yuba City, CA",63628,0.05910919720877601
2019,49740,"Yuma, AZ",94648,0.21772250866368018
