statefip,year,vacant,units,state_name,total_units,vacancy_rate,vacancy_status
1,2015,0,1846380,Alabama,2218379,0.16768956071077123,Occupied
1,2015,1,371999,Alabama,2218379,0.16768956071077123,Vacant
1,2019,1,387350,Alabama,2284922,0.16952438639043257,Vacant
1,2017,0,1841647,Alabama,2258654,0.18462633054907923,Occupied
1,2017,1,417007,Alabama,2258654,0.18462633054907923,Vacant
1,2019,0,1897572,Alabama,2284922,0.16952438639043257,Occupied
1,2016,1,377670,Alabama,2230180,0.16934507528540296,Vacant
1,2018,0,1855149,Alabama,2274674,0.1844330220506323,Occupied
1,2018,1,419525,Alabama,2274674,0.1844330220506323,Vacant
1,2016,0,1852510,Alabama,2230180,0.16934507528540296,Occupied
2,2015,0,250183,Alaska,309453,0.19153150882363396,Occupied
2,2019,0,252133,Alaska,319801,0.21159408507165395,Occupied
2,2019,1,67668,Alaska,319801,0.21159408507165395,Vacant
2,2018,0,254543,Alaska,318352,0.20043536714077498,Occupied
2,2018,1,63809,Alaska,318352,0.20043536714077498,Vacant
2,2017,0,250737,Alaska,316968,0.20895169228439464,Occupied
2,2017,1,66231,Alaska,316968,0.20895169228439464,Vacant
2,2015,1,59270,Alaska,309453,0.19153150882363396,Vacant
2,2016,1,62204,Alaska,310672,0.20022403048874698,Vacant
2,2016,0,248468,Alaska,310672,0.20022403048874698,Occupied
4,2018,0,2614297,Arizona,3035902,0.13887305980232564,Occupied
4,2018,1,421605,Arizona,3035902,0.13887305980232564,Vacant
4,2015,0,2463012,Arizona,2929173,0.15914423627419752,Occupied
4,2019,1,405602,Arizona,3076048,0.13185815045799026,Vacant
4,2016,1,442084,Arizona,2961136,0.1492954055470603,Vacant
4,2017,0,2552912,Arizona,2999121,0.14877992585160785,Occupied
4,2019,0,2670446,Arizona,3076048,0.13185815045799026,Occupied
4,2016,0,2519052,Arizona,2961136,0.1492954055470603,Occupied
4,2015,1,466161,Arizona,2929173,0.15914423627419752,Vacant
4,2017,1,446209,Arizona,2999121,0.14877992585160785,Vacant
5,2019,0,1163652,Arkansas,1389159,0.16233346938687365,Occupied
5,2018,0,1156348,Arkansas,1380521,0.16238289747131698,Occupied
5,2017,0,1153081,Arkansas,1370109,0.15840199575362252,Occupied
5,2016,0,1142718,Arkansas,1354801,0.1565418094613157,Occupied
5,2015,0,1144657,Arkansas,1347598,0.15059461352717948,Occupied
5,2018,1,224173,Arkansas,1380521,0.16238289747131698,Vacant
5,2015,1,202941,Arkansas,1347598,0.15059461352717948,Vacant
5,2017,1,217028,Arkansas,1370109,0.15840199575362252,Vacant
5,2019,1,225507,Arkansas,1389159,0.16233346938687365,Vacant
5,2016,1,212083,Arkansas,1354801,0.1565418094613157,Vacant
6,2018,0,13071671,California,14277425,0.08445178314717115,Occupied
6,2016,1,1117193,California,14060601,0.0794555652350849,Vacant
6,2018,1,1205754,California,14277425,0.08445178314717115,Vacant
6,2019,0,13156759,California,14365884,0.08416641816124924,Occupied
6,2019,1,1209125,California,14365884,0.08416641816124924,Vacant
6,2015,0,12895471,California,13987522,0.07807322841029311,Occupied
6,2015,1,1092051,California,13987522,0.07807322841029311,Vacant
6,2017,0,13004305,California,14176487,0.08268494162199705,Occupied
6,2016,0,12943408,California,14060601,0.0794555652350849,Occupied
6,2017,1,1172182,California,14176487,0.08268494162199705,Vacant
8,2019,0,2235072,Colorado,2464062,0.09293191486253187,Occupied
8,2019,1,228990,Colorado,2464062,0.09293191486253187,Vacant
8,2018,0,2176627,Colorado,2423997,0.10205045633307303,Occupied
8,2017,0,2139192,Colorado,2385483,0.10324575777735578,Occupied
8,2017,1,246291,Colorado,2385483,0.10324575777735578,Vacant
8,2016,0,2108951,Colorado,2339095,0.09839018936811032,Occupied
8,2016,1,230144,Colorado,2339095,0.09839018936811032,Vacant
8,2018,1,247370,Colorado,2423997,0.10205045633307303,Vacant
8,2015,0,2074517,Colorado,2308900,0.10151284161288926,Occupied
8,2015,1,234383,Colorado,2308900,0.10151284161288926,Vacant
9,2018,0,1378087,Connecticut,1521123,0.09403315839678975,Occupied
9,2017,0,1356700,Connecticut,1517436,0.10592604894044955,Occupied
9,2015,0,1343704,Connecticut,1496056,0.10183576015871064,Occupied
9,2018,1,143036,Connecticut,1521123,0.09403315839678975,Vacant
9,2019,0,1377085,Connecticut,1524878,0.09692119631865631,Occupied
9,2019,1,147793,Connecticut,1524878,0.09692119631865631,Vacant
9,2016,0,1357269,Connecticut,1499145,0.09463794362786788,Occupied
9,2015,1,152352,Connecticut,1496056,0.10183576015871064,Vacant
9,2017,1,160736,Connecticut,1517436,0.10592604894044955,Vacant
9,2016,1,141876,Connecticut,1499145,0.09463794362786788,Vacant
10,2015,0,352597,Delaware,421734,0.1639350870453888,Occupied
10,2019,0,376093,Delaware,443618,0.15221429247686072,Occupied
10,2019,1,67525,Delaware,443618,0.15221429247686072,Vacant
10,2018,0,367672,Delaware,438659,0.1618272963737208,Occupied
10,2017,0,357937,Delaware,432853,0.1730749238194029,Occupied
10,2017,1,74916,Delaware,432853,0.1730749238194029,Vacant
10,2016,0,351086,Delaware,426154,0.17615228297751517,Occupied
10,2018,1,70987,Delaware,438659,0.1618272963737208,Vacant
10,2015,1,69137,Delaware,421734,0.1639350870453888,Vacant
10,2016,1,75068,Delaware,426154,0.17615228297751517,Vacant
11,2019,0,291570,District of Columbia,322814,0.09678638472928683,Occupied
11,2018,0,287477,District of Columbia,319579,0.10045090572284161,Occupied
11,2018,1,32102,District of Columbia,319579,0.10045090572284161,Vacant
11,2017,0,281476,District of Columbia,314843,0.10597980580797413,Occupied
11,2015,0,281788,District of Columbia,309596,0.08982028191578703,Occupied
11,2015,1,27808,District of Columbia,309596,0.08982028191578703,Vacant
11,2016,0,281238,District of Columbia,313703,0.1034896064111596,Occupied
11,2019,1,31244,District of Columbia,322814,0.09678638472928683,Vacant
11,2017,1,33367,District of Columbia,314843,0.10597980580797413,Vacant
11,2016,1,32465,District of Columbia,313703,0.1034896064111596,Vacant
12,2018,0,7809225,Florida,9547626,0.18207678013361647,Occupied
12,2019,0,7905719,Florida,9673939,0.18278180170455902,Occupied
12,2017,0,7689892,Florida,9441526,0.1855244586521289,Occupied
12,2016,0,7573323,Florida,9302004,0.18583963197607742,Occupied
12,2016,1,1728681,Florida,9302004,0.18583963197607742,Vacant
12,2015,1,1747096,Florida,9210260,0.18969019332787565,Vacant
12,2018,1,1738401,Florida,9547626,0.18207678013361647,Vacant
12,2015,0,7463164,Florida,9210260,0.18969019332787565,Occupied
12,2017,1,1751634,Florida,9441526,0.1855244586521289,Vacant
12,2019,1,1768220,Florida,9673939,0.18278180170455902,Vacant
13,2016,1,532964,Georgia,4219018,0.1263241825467443,Vacant
13,2015,0,3656403,Georgia,4182228,0.12572843948249593,Occupied
13,2019,0,3852713,Georgia,4378350,0.12005367318738794,Occupied
13,2016,0,3686054,Georgia,4219018,0.1263241825467443,Occupied
13,2017,0,3745046,Georgia,4282233,0.1254455327395777,Occupied
13,2015,1,525825,Georgia,4182228,0.12572843948249593,Vacant
13,2019,1,525637,Georgia,4378350,0.12005367318738794,Vacant
13,2018,0,3802789,Georgia,4326040,0.12095380532773622,Occupied
13,2018,1,523251,Georgia,4326040,0.12095380532773622,Vacant
13,2017,1,537187,Georgia,4282233,0.1254455327395777,Vacant
15,2015,0,445713,Hawaii,532193,0.1624974398385548,Occupied
15,2018,0,455311,Hawaii,546261,0.1664955030653845,Occupied
15,2019,0,465185,Hawaii,550214,0.15453805246685834,Occupied
15,2019,1,85029,Hawaii,550214,0.15453805246685834,Vacant
15,2016,1,81303,Hawaii,537103,0.15137320029863918,Vacant
15,2016,0,455800,Hawaii,537103,0.15137320029863918,Occupied
15,2017,0,458006,Hawaii,542882,0.1563433674352806,Occupied
15,2015,1,86480,Hawaii,532193,0.1624974398385548,Vacant
15,2018,1,90950,Hawaii,546261,0.1664955030653845,Vacant
15,2017,1,84876,Hawaii,542882,0.1563433674352806,Vacant
16,2019,0,655856,Idaho,751113,0.12682113077526283,Occupied
16,2018,0,640273,Idaho,735703,0.12971266937881182,Occupied
16,2015,0,597418,Idaho,692482,0.1372801025875041,Occupied
16,2017,1,96680,Idaho,721656,0.13396964758832464,Vacant
16,2019,1,95257,Idaho,751113,0.12682113077526283,Vacant
16,2015,1,95064,Idaho,692482,0.1372801025875041,Vacant
16,2017,0,624976,Idaho,721656,0.13396964758832464,Occupied
16,2016,0,610868,Idaho,700829,0.12836369499549818,Occupied
16,2016,1,89961,Idaho,700829,0.12836369499549818,Vacant
16,2018,1,95430,Idaho,735703,0.12971266937881182,Vacant
17,2019,0,4865842,Illinois,5388038,0.09691765351320833,Occupied
17,2018,0,4864536,Illinois,5375852,0.09511348154673901,Occupied
17,2018,1,511316,Illinois,5375852,0.09511348154673901,Vacant
17,2016,0,4821931,Illinois,5327060,0.09482322331642594,Occupied
17,2015,0,4794513,Illinois,5317618,0.09837205305082088,Occupied
17,2015,1,523105,Illinois,5317618,0.09837205305082088,Vacant
17,2017,0,4808628,Illinois,5359364,0.10276144706722663,Occupied
17,2017,1,550736,Illinois,5359364,0.10276144706722663,Vacant
17,2019,1,522196,Illinois,5388038,0.09691765351320833,Vacant
17,2016,1,505129,Illinois,5327060,0.09482322331642594,Vacant
18,2015,0,2515089,Indiana,2841402,0.11484225041018484,Occupied
18,2019,0,2597704,Indiana,2921050,0.11069512675236644,Occupied
18,2019,1,323346,Indiana,2921050,0.11069512675236644,Vacant
18,2018,0,2599028,Indiana,2903438,0.10484467035287132,Occupied
18,2016,0,2533273,Indiana,2854595,0.11256307812491789,Occupied
18,2016,1,321322,Indiana,2854595,0.11256307812491789,Vacant
18,2015,1,326313,Indiana,2841402,0.11484225041018484,Vacant
18,2018,1,304410,Indiana,2903438,0.10484467035287132,Vacant
18,2017,0,2557129,Indiana,2885176,0.11370086261635338,Occupied
18,2017,1,328047,Indiana,2885176,0.11370086261635338,Vacant
19,2019,0,1287137,Iowa,1418511,0.09261401568264187,Occupied
19,2015,0,1247246,Iowa,1369379,0.08918860300910121,Occupied
19,2018,0,1267873,Iowa,1409568,0.1005237065540648,Occupied
19,2018,1,141695,Iowa,1409568,0.1005237065540648,Vacant
19,2017,0,1257510,Iowa,1397739,0.10032559726815951,Occupied
19,2017,1,140229,Iowa,1397739,0.10032559726815951,Vacant
19,2019,1,131374,Iowa,1418511,0.09261401568264187,Vacant
19,2015,1,122133,Iowa,1369379,0.08918860300910121,Vacant
19,2016,0,1247829,Iowa,1379989,0.09576887931715397,Occupied
19,2016,1,132160,Iowa,1379989,0.09576887931715397,Vacant
20,2019,1,150105,Kansas,1288296,0.11651437247340674,Vacant
20,2019,0,1138191,Kansas,1288296,0.11651437247340674,Occupied
20,2016,1,149465,Kansas,1259870,0.1186352560184781,Vacant
20,2018,0,1133412,Kansas,1280553,0.11490426401718633,Occupied
20,2018,1,147141,Kansas,1280553,0.11490426401718633,Vacant
20,2016,0,1110405,Kansas,1259870,0.1186352560184781,Occupied
20,2015,0,1111580,Kansas,1253889,0.11349409716490057,Occupied
20,2015,1,142309,Kansas,1253889,0.11349409716490057,Vacant
20,2017,0,1128839,Kansas,1273634,0.11368650648459448,Occupied
20,2017,1,144795,Kansas,1273634,0.11368650648459448,Vacant
21,2015,0,1716168,Kentucky,1957133,0.12312142302030572,Occupied
21,2017,0,1725033,Kentucky,1984235,0.13063069646488445,Occupied
21,2019,0,1748661,Kentucky,2006274,0.12840369760062684,Occupied
21,2019,1,257613,Kentucky,2006274,0.12840369760062684,Vacant
21,2018,0,1732721,Kentucky,1995187,0.1315495740499512,Occupied
21,2018,1,262466,Kentucky,1995187,0.1315495740499512,Vacant
21,2016,0,1717704,Kentucky,1965577,0.12610699046641266,Occupied
21,2016,1,247873,Kentucky,1965577,0.12610699046641266,Vacant
21,2015,1,240965,Kentucky,1957133,0.12312142302030572,Vacant
21,2017,1,259202,Kentucky,1984235,0.13063069646488445,Vacant
22,2019,1,348752,Louisiana,2089824,0.16688103878604132,Vacant
22,2018,0,1737221,Louisiana,2076136,0.16324315940766887,Occupied
22,2019,0,1741072,Louisiana,2089824,0.16688103878604132,Occupied
22,2015,0,1737814,Louisiana,2024638,0.14166680660937905,Occupied
22,2015,1,286824,Louisiana,2024638,0.14166680660937905,Vacant
22,2018,1,338915,Louisiana,2076136,0.16324315940766887,Vacant
22,2017,0,1737115,Louisiana,2061582,0.1573873850276147,Occupied
22,2017,1,324467,Louisiana,2061582,0.1573873850276147,Vacant
22,2016,1,316258,Louisiana,2037067,0.15525164366218686,Vacant
22,2016,0,1720809,Louisiana,2037067,0.15525164366218686,Occupied
23,2017,1,201682,Maine,742644,0.2715729205379697,Vacant
23,2016,1,199125,Maine,730786,0.2724805893927908,Vacant
23,2017,0,540962,Maine,742644,0.2715729205379697,Occupied
23,2016,0,531661,Maine,730786,0.2724805893927908,Occupied
23,2015,0,544962,Maine,729126,0.2525818582796389,Occupied
23,2015,1,184164,Maine,729126,0.2525818582796389,Vacant
23,2018,1,176283,Maine,746592,0.23611691526295486,Vacant
23,2018,0,570309,Maine,746592,0.23611691526295486,Occupied
23,2019,1,177344,Maine,750860,0.23618783794582213,Vacant
23,2019,0,573516,Maine,750860,0.23618783794582213,Occupied
24,2016,0,2194512,Maryland,2447071,0.10320869316828159,Occupied
24,2016,1,252559,Maryland,2447071,0.10320869316828159,Vacant
24,2017,0,2207336,Maryland,2449123,0.09872391055900419,Occupied
24,2019,0,2226715,Maryland,2470250,0.09858718753162635,Occupied
24,2015,0,2177943,Maryland,2434465,0.10537099527000798,Occupied
24,2015,1,256522,Maryland,2434465,0.10537099527000798,Vacant
24,2018,1,242842,Maryland,2458727,0.09876737026924909,Vacant
24,2017,1,241787,Maryland,2449123,0.09872391055900419,Vacant
24,2019,1,243535,Maryland,2470250,0.09858718753162635,Vacant
24,2018,0,2215885,Maryland,2458727,0.09876737026924909,Occupied
25,2015,0,2559953,Massachusetts,2845805,0.10044679800618805,Occupied
25,2015,1,285852,Massachusetts,2845805,0.10044679800618805,Vacant
25,2018,1,290748,Massachusetts,2915027,0.09974110016819741,Vacant
25,2019,0,2650519,Massachusetts,2928654,0.0949702491315123,Occupied
25,2019,1,278135,Massachusetts,2928654,0.0949702491315123,Vacant
25,2016,0,2579453,Massachusetts,2858147,0.09750863059177851,Occupied
25,2017,0,2604957,Massachusetts,2894590,0.10006011214023403,Occupied
25,2017,1,289633,Massachusetts,2894590,0.10006011214023403,Vacant
25,2016,1,278694,Massachusetts,2858147,0.09750863059177851,Vacant
25,2018,0,2624279,Massachusetts,2915027,0.09974110016819741,Occupied
26,2015,0,3858379,Michigan,4550172,0.15203667026213513,Occupied
26,2018,0,3957331,Michigan,4614412,0.14239755791203734,Occupied
26,2018,1,657081,Michigan,4614412,0.14239755791203734,Vacant
26,2017,1,665266,Michigan,4595058,0.14477858603743413,Vacant
26,2019,0,3969808,Michigan,4629523,0.14250172209966339,Occupied
26,2019,1,659715,Michigan,4629523,0.14250172209966339,Vacant
26,2017,0,3929792,Michigan,4595058,0.14477858603743413,Occupied
26,2016,0,3884128,Michigan,4560132,0.14824220000649105,Occupied
26,2016,1,676004,Michigan,4560132,0.14824220000649105,Vacant
26,2015,1,691793,Michigan,4550172,0.15203667026213513,Vacant
27,2016,0,2148725,Minnesota,2409701,0.10830223334762279,Occupied
27,2015,0,2147118,Minnesota,2396939,0.10422501365282971,Occupied
27,2018,0,2194443,Minnesota,2455637,0.10636506943005013,Occupied
27,2018,1,261194,Minnesota,2455637,0.10636506943005013,Vacant
27,2016,1,260976,Minnesota,2409701,0.10830223334762279,Vacant
27,2019,0,2222510,Minnesota,2477447,0.10290310953170743,Occupied
27,2015,1,249821,Minnesota,2396939,0.10422501365282971,Vacant
27,2017,0,2162155,Minnesota,2437672,0.11302463990233305,Occupied
27,2017,1,275517,Minnesota,2437672,0.11302463990233305,Vacant
27,2019,1,254937,Minnesota,2477447,0.10290310953170743,Vacant
28,2016,0,1091252,Mississippi,1307492,0.16538533314161769,Occupied
28,2019,0,1100147,Mississippi,1338968,0.1783619922208746,Occupied
28,2019,1,238821,Mississippi,1338968,0.1783619922208746,Vacant
28,2018,0,1108633,Mississippi,1332631,0.16808703984824006,Occupied
28,2018,1,223998,Mississippi,1332631,0.16808703984824006,Vacant
28,2016,1,216240,Mississippi,1307492,0.16538533314161769,Vacant
28,2015,0,1104372,Mississippi,1300932,0.15109167888867367,Occupied
28,2015,1,196560,Mississippi,1300932,0.15109167888867367,Vacant
28,2017,0,1091917,Mississippi,1323684,0.1750923936528658,Occupied
28,2017,1,231767,Mississippi,1323684,0.1750923936528658,Vacant
29,2016,0,2372124,Missouri,2760149,0.14058117876969686,Occupied
29,2019,0,2458339,Missouri,2819334,0.12804265120769656,Occupied
29,2019,1,360995,Missouri,2819334,0.12804265120769656,Vacant
29,2018,0,2434790,Missouri,2806283,0.13237902235804444,Occupied
29,2017,0,2385125,Missouri,2792445,0.1458650036079493,Occupied
29,2017,1,407320,Missouri,2792445,0.1458650036079493,Vacant
29,2016,1,388025,Missouri,2760149,0.14058117876969686,Vacant
29,2015,0,2373999,Missouri,2746470,0.13561808430458006,Occupied
29,2015,1,372471,Missouri,2746470,0.13561808430458006,Vacant
29,2018,1,371493,Missouri,2806283,0.13237902235804444,Vacant
30,2017,0,423086,Montana,510408,0.1710827416498174,Occupied
30,2017,1,87322,Montana,510408,0.1710827416498174,Vacant
30,2019,0,437647,Montana,519938,0.15827079382541764,Occupied
30,2019,1,82291,Montana,519938,0.15827079382541764,Vacant
30,2018,0,431419,Montana,515161,0.16255500707545797,Occupied
30,2016,0,416127,Montana,497749,0.16398224808086004,Occupied
30,2016,1,81622,Montana,497749,0.16398224808086004,Vacant
30,2015,0,414787,Montana,494202,0.16069340067421822,Occupied
30,2015,1,79415,Montana,494202,0.16069340067421822,Vacant
30,2018,1,83742,Montana,515161,0.16255500707545797,Vacant
31,2015,0,744105,Nebraska,820877,0.09352436479521292,Occupied
31,2017,0,754410,Nebraska,837458,0.0991667641839949,Occupied
31,2017,1,83048,Nebraska,837458,0.0991667641839949,Vacant
31,2019,0,771188,Nebraska,850912,0.09369241472678726,Occupied
31,2015,1,76772,Nebraska,820877,0.09352436479521292,Vacant
31,2018,0,765490,Nebraska,845011,0.09410646725308901,Occupied
31,2016,0,747559,Nebraska,827191,0.09626797196778011,Occupied
31,2016,1,79632,Nebraska,827191,0.09626797196778011,Vacant
31,2019,1,79724,Nebraska,850912,0.09369241472678726,Vacant
31,2018,1,79521,Nebraska,845011,0.09410646725308901,Vacant
32,2019,0,1143299,Nevada,1285428,0.11056939789704286,Occupied
32,2018,0,1129807,Nevada,1268717,0.10948856206703307,Occupied
32,2018,1,138910,Nevada,1268717,0.10948856206703307,Vacant
32,2017,1,155127,Nevada,1249611,0.12414023244033544,Vacant
32,2015,0,1042063,Nevada,1209864,0.13869410115517117,Occupied
32,2015,1,167801,Nevada,1209864,0.13869410115517117,Vacant
32,2017,0,1094484,Nevada,1249611,0.12414023244033544,Occupied
32,2016,0,1055155,Nevada,1221759,0.13636404560964968,Occupied
32,2016,1,166604,Nevada,1221759,0.13636404560964968,Vacant
32,2019,1,142129,Nevada,1285428,0.11056939789704286,Vacant
33,2016,1,104695,New Hampshire,625277,0.16743779157077585,Vacant
33,2018,0,531190,New Hampshire,638092,0.16753383524632812,Occupied
33,2017,0,528568,New Hampshire,634560,0.16703227433182047,Occupied
33,2017,1,105992,New Hampshire,634560,0.16703227433182047,Vacant
33,2018,1,106902,New Hampshire,638092,0.16753383524632812,Vacant
33,2015,0,517614,New Hampshire,622604,0.16863046173811924,Occupied
33,2015,1,104990,New Hampshire,622604,0.16863046173811924,Vacant
33,2016,0,520582,New Hampshire,625277,0.16743779157077585,Occupied
33,2019,0,541393,New Hampshire,642298,0.1570999754008264,Occupied
33,2019,1,100905,New Hampshire,642298,0.1570999754008264,Vacant
34,2016,1,410164,New Jersey,3604688,0.11378626943580138,Vacant
34,2015,0,3187963,New Jersey,3593722,0.11290773187241529,Occupied
34,2017,0,3218762,New Jersey,3615848,0.10981822244740376,Occupied
34,2016,0,3194524,New Jersey,3604688,0.11378626943580138,Occupied
34,2019,0,3286148,New Jersey,3641739,0.0976431864007827,Occupied
34,2019,1,355591,New Jersey,3641739,0.0976431864007827,Vacant
34,2015,1,405759,New Jersey,3593722,0.11290773187241529,Vacant
34,2017,1,397086,New Jersey,3615848,0.10981822244740376,Vacant
34,2018,0,3249570,New Jersey,3628198,0.1043570389488115,Occupied
34,2018,1,378628,New Jersey,3628198,0.1043570389488115,Vacant
35,2015,1,153180,New Mexico,914913,0.16742575523574374,Vacant
35,2015,0,761733,New Mexico,914913,0.16742575523574374,Occupied
35,2016,1,159273,New Mexico,917426,0.17360855262440786,Vacant
35,2016,0,758153,New Mexico,917426,0.17360855262440786,Occupied
35,2019,0,793137,New Mexico,948185,0.1635208319051662,Occupied
35,2019,1,155048,New Mexico,948185,0.1635208319051662,Vacant
35,2018,1,149140,New Mexico,943131,0.15813285747154956,Vacant
35,2017,1,170275,New Mexico,937923,0.18154475367380904,Vacant
35,2018,0,793991,New Mexico,943131,0.15813285747154956,Occupied
35,2017,0,767648,New Mexico,937923,0.18154475367380904,Occupied
36,2018,1,996833,New York,8363718,0.1191853909947705,Vacant
36,2018,0,7366885,New York,8363718,0.1191853909947705,Occupied
36,2017,0,7304187,New York,8327484,0.12288189325851602,Occupied
36,2017,1,1023297,New York,8327484,0.12288189325851602,Vacant
36,2016,0,7208814,New York,8231806,0.1242730938994432,Occupied
36,2019,0,7446483,New York,8403871,0.11392226272868777,Occupied
36,2019,1,957388,New York,8403871,0.11392226272868777,Vacant
36,2015,1,973470,New York,8207051,0.11861386020386616,Vacant
36,2016,1,1022992,New York,8231806,0.1242730938994432,Vacant
36,2015,0,7233581,New York,8207051,0.11861386020386616,Occupied
37,2017,0,3955070,North Carolina,4622656,0.14441611056500853,Occupied
37,2019,0,4046248,North Carolina,4748049,0.14780828925733497,Occupied
37,2018,0,4011398,North Carolina,4684891,0.14375852074253168,Occupied
37,2018,1,673493,North Carolina,4684891,0.14375852074253168,Vacant
37,2016,0,3882419,North Carolina,4540697,0.14497289733272226,Occupied
37,2016,1,658278,North Carolina,4540697,0.14497289733272226,Vacant
37,2015,0,3843740,North Carolina,4491075,0.14413809611284603,Occupied
37,2015,1,647335,North Carolina,4491075,0.14413809611284603,Vacant
37,2017,1,667586,North Carolina,4622656,0.14441611056500853,Vacant
37,2019,1,701801,North Carolina,4748049,0.14780828925733497,Vacant
38,2017,0,316303,North Dakota,374591,0.15560437917622152,Occupied
38,2017,1,58288,North Dakota,374591,0.15560437917622152,Vacant
38,2019,0,323521,North Dakota,379974,0.14857069167890435,Occupied
38,2019,1,56453,North Dakota,379974,0.14857069167890435,Vacant
38,2018,1,58307,North Dakota,377661,0.15438978343011325,Vacant
38,2016,0,314757,North Dakota,368169,0.1450746803777613,Occupied
38,2016,1,53412,North Dakota,368169,0.1450746803777613,Vacant
38,2018,0,319354,North Dakota,377661,0.15438978343011325,Occupied
38,2015,1,49418,North Dakota,362889,0.13617938267624535,Vacant
38,2015,0,313471,North Dakota,362889,0.13617938267624535,Occupied
39,2018,0,4685316,Ohio,5217488,0.10199774297516352,Occupied
39,2018,1,532172,Ohio,5217488,0.10199774297516352,Vacant
39,2019,0,4730333,Ohio,5232943,0.09604729117057074,Occupied
39,2015,0,4606548,Ohio,5156441,0.10664196487461022,Occupied
39,2017,0,4667146,Ohio,5201646,0.10275593533277735,Occupied
39,2017,1,534500,Ohio,5201646,0.10275593533277735,Vacant
39,2016,0,4624477,Ohio,5164201,0.10451258578045278,Occupied
39,2016,1,539724,Ohio,5164201,0.10451258578045278,Vacant
39,2019,1,502610,Ohio,5232943,0.09604729117057074,Vacant
39,2015,1,549893,Ohio,5156441,0.10664196487461022,Vacant
40,2017,0,1470365,Oklahoma,1734074,0.1520748249498003,Occupied
40,2017,1,263709,Oklahoma,1734074,0.1520748249498003,Vacant
40,2016,0,1469336,Oklahoma,1721072,0.14626697779058634,Occupied
40,2019,0,1495156,Oklahoma,1749520,0.14539073574466138,Occupied
40,2018,0,1485306,Oklahoma,1743073,0.14788078296204463,Occupied
40,2018,1,257767,Oklahoma,1743073,0.14788078296204463,Vacant
40,2016,1,251736,Oklahoma,1721072,0.14626697779058634,Vacant
40,2015,0,1465948,Oklahoma,1711515,0.14347931510971274,Occupied
40,2015,1,245567,Oklahoma,1711515,0.14347931510971274,Vacant
40,2019,1,254364,Oklahoma,1749520,0.14539073574466138,Vacant
41,2018,0,1639870,Oregon,1788649,0.08317953941773931,Occupied
41,2015,0,1553194,Oregon,1718499,0.09619150200261972,Occupied
41,2017,0,1603513,Oregon,1768456,0.09326949610281511,Occupied
41,2017,1,164943,Oregon,1768456,0.09326949610281511,Vacant
41,2019,0,1649070,Oregon,1808196,0.08800262803368661,Occupied
41,2019,1,159126,Oregon,1808196,0.08800262803368661,Vacant
41,2018,1,148779,Oregon,1788649,0.08317953941773931,Vacant
41,2016,0,1571459,Oregon,1732669,0.09304142914774836,Occupied
41,2016,1,161210,Oregon,1732669,0.09304142914774836,Vacant
41,2015,1,165305,Oregon,1718499,0.09619150200261972,Vacant
42,2016,0,4937658,Pennsylvania,5611889,0.12014332428884462,Occupied
42,2018,0,5070850,Pennsylvania,5713050,0.11240930851296593,Occupied
42,2018,1,642200,Pennsylvania,5713050,0.11240930851296593,Vacant
42,2017,1,685651,Pennsylvania,5694332,0.12040938252283148,Vacant
42,2019,0,5118937,Pennsylvania,5732277,0.10699762066627276,Occupied
42,2015,0,4955799,Pennsylvania,5602817,0.11548083758580728,Occupied
42,2017,0,5008681,Pennsylvania,5694332,0.12040938252283148,Occupied
42,2019,1,613340,Pennsylvania,5732277,0.10699762066627276,Vacant
42,2016,1,674231,Pennsylvania,5611889,0.12014332428884462,Vacant
42,2015,1,647018,Pennsylvania,5602817,0.11548083758580728,Vacant
44,2017,0,408750,Rhode Island,468266,0.1270987003113615,Occupied
44,2016,0,408241,Rhode Island,462598,0.11750375055663881,Occupied
44,2019,0,407178,Rhode Island,470177,0.13398996548108477,Occupied
44,2017,1,59516,Rhode Island,468266,0.1270987003113615,Vacant
44,2018,1,62577,Rhode Island,469153,0.13338292625220344,Vacant
44,2018,0,406576,Rhode Island,469153,0.13338292625220344,Occupied
44,2015,0,407484,Rhode Island,462555,0.11905827415118202,Occupied
44,2015,1,55071,Rhode Island,462555,0.11905827415118202,Vacant
44,2016,1,54357,Rhode Island,462598,0.11750375055663881,Vacant
44,2019,1,62999,Rhode Island,470177,0.13398996548108477,Vacant
45,2017,0,1905075,South Carolina,2284794,0.1661939763497278,Occupied
45,2016,0,1877773,South Carolina,2236147,0.16026406135195942,Occupied
45,2016,1,358374,South Carolina,2236147,0.16026406135195942,Vacant
45,2015,0,1857768,South Carolina,2210150,0.1594380471913671,Occupied
45,2019,0,1975851,South Carolina,2351300,0.15967719984689321,Occupied
45,2017,1,379719,South Carolina,2284794,0.1661939763497278,Vacant
45,2018,1,390293,South Carolina,2318182,0.1683616730696727,Vacant
45,2015,1,352382,South Carolina,2210150,0.1594380471913671,Vacant
45,2019,1,375449,South Carolina,2351300,0.15967719984689321,Vacant
45,2018,0,1927889,South Carolina,2318182,0.1683616730696727,Occupied
46,2015,0,339435,South Dakota,380307,0.10747106942549046,Occupied
46,2017,0,344257,South Dakota,392650,0.12324716668788997,Occupied
46,2019,1,47946,South Dakota,401749,0.1193431719805152,Vacant
46,2016,0,334002,South Dakota,383827,0.12981108676565223,Occupied
46,2019,0,353803,South Dakota,401749,0.1193431719805152,Occupied
46,2018,0,345405,South Dakota,397464,0.13097789988527264,Occupied
46,2018,1,52059,South Dakota,397464,0.13097789988527264,Vacant
46,2017,1,48393,South Dakota,392650,0.12324716668788997,Vacant
46,2015,1,40872,South Dakota,380307,0.10747106942549046,Vacant
46,2016,1,49825,South Dakota,383827,0.12981108676565223,Vacant
47,2018,0,2603147,Tennessee,2992412,0.13008402586274884,Occupied
47,2017,0,2588578,Tennessee,2958721,0.12510236686730516,Occupied
47,2015,0,2530174,Tennessee,2892318,0.12520891547886503,Occupied
47,2018,1,389265,Tennessee,2992412,0.13008402586274884,Vacant
47,2019,0,2654737,Tennessee,3028437,0.12339698663039714,Occupied
47,2019,1,373700,Tennessee,3028437,0.12339698663039714,Vacant
47,2017,1,370143,Tennessee,2958721,0.12510236686730516,Vacant
47,2016,0,2556330,Tennessee,2919698,0.12445396749937836,Occupied
47,2016,1,363368,Tennessee,2919698,0.12445396749937836,Vacant
47,2015,1,362144,Tennessee,2892318,0.12520891547886503,Vacant
48,2018,0,9775922,Texas,11101339,0.11939253454020277,Occupied
48,2019,0,9985032,Texas,11283814,0.11510133009991125,Occupied
48,2016,0,9535481,Texas,10754144,0.11332031633573067,Occupied
48,2018,1,1325417,Texas,11101339,0.11939253454020277,Vacant
48,2017,0,9623770,Texas,10933265,0.11977163271904595,Occupied
48,2017,1,1309495,Texas,10933265,0.11977163271904595,Vacant
48,2016,1,1218663,Texas,10754144,0.11332031633573067,Vacant
48,2015,0,9421327,Texas,10588153,0.11020108984069271,Occupied
48,2015,1,1166826,Texas,10588153,0.11020108984069271,Vacant
48,2019,1,1298782,Texas,11283814,0.11510133009991125,Vacant
49,2018,0,998890,Utah,1108739,0.09907561653373788,Occupied
49,2017,0,975447,Utah,1084685,0.1007094225512476,Occupied
49,2019,0,1023726,Utah,1133415,0.09677743809637247,Occupied
49,2018,1,109849,Utah,1108739,0.09907561653373788,Vacant
49,2015,0,930979,Utah,1038065,0.10315924339997977,Occupied
49,2015,1,107086,Utah,1038065,0.10315924339997977,Vacant
49,2016,0,943147,Utah,1054242,0.10537903062105285,Occupied
49,2019,1,109689,Utah,1133415,0.09677743809637247,Vacant
49,2017,1,109238,Utah,1084685,0.1007094225512476,Vacant
49,2016,1,111095,Utah,1054242,0.10537903062105285,Vacant
50,2019,0,262767,Vermont,339412,0.22581700116672362,Occupied
50,2019,1,76645,Vermont,339412,0.22581700116672362,Vacant
50,2016,0,254848,Vermont,329539,0.22665299099651331,Occupied
50,2018,0,261372,Vermont,337133,0.22472140075281863,Occupied
50,2018,1,75761,Vermont,337133,0.22472140075281863,Vacant
50,2017,0,256628,Vermont,335248,0.23451295757170812,Occupied
50,2017,1,78620,Vermont,335248,0.23451295757170812,Vacant
50,2016,1,74691,Vermont,329539,0.22665299099651331,Vacant
50,2015,0,254864,Vermont,326874,0.2202989531134321,Occupied
50,2015,1,72010,Vermont,326874,0.2202989531134321,Vacant
51,2017,0,3120813,Virginia,3512844,0.11159931952571762,Occupied
51,2018,1,363467,Virginia,3538804,0.10270899433820013,Vacant
51,2017,1,392031,Virginia,3512844,0.11159931952571762,Vacant
51,2019,0,3191854,Virginia,3562258,0.10398011598261551,Occupied
51,2019,1,370404,Virginia,3562258,0.10398011598261551,Vacant
51,2015,0,3106709,Virginia,3468771,0.10437760232658772,Occupied
51,2015,1,362062,Virginia,3468771,0.10437760232658772,Vacant
51,2016,0,3120694,Virginia,3491185,0.10612184688007081,Occupied
51,2018,0,3175337,Virginia,3538804,0.10270899433820013,Occupied
51,2016,1,370491,Virginia,3491185,0.10612184688007081,Vacant
53,2018,0,2895462,Washington,3147965,0.08021150171618807,Occupied
53,2015,0,2728431,Washington,2991439,0.0879202283583252,Occupied
53,2017,0,2840254,Washington,3103147,0.08471819092037856,Occupied
53,2019,0,2931970,Washington,3194590,0.08220773244766934,Occupied
53,2016,0,2768072,Washington,3025802,0.08517741742519834,Occupied
53,2019,1,262620,Washington,3194590,0.08220773244766934,Vacant
53,2018,1,252503,Washington,3147965,0.08021150171618807,Vacant
53,2017,1,262893,Washington,3103147,0.08471819092037856,Vacant
53,2016,1,257730,Washington,3025802,0.08517741742519834,Vacant
53,2015,1,263008,Washington,2991439,0.0879202283583252,Vacant
54,2017,0,715310,West Virginia,892240,0.19829866403658208,Occupied
54,2019,0,728154,West Virginia,894958,0.1863819307721703,Occupied
54,2018,1,159041,West Virginia,893742,0.17794956486323793,Vacant
54,2015,1,151002,West Virginia,885539,0.17051987546567685,Vacant
54,2017,1,176930,West Virginia,892240,0.19829866403658208,Vacant
54,2018,0,734701,West Virginia,893742,0.17794956486323793,Occupied
54,2015,0,734537,West Virginia,885539,0.17051987546567685,Occupied
54,2019,1,166804,West Virginia,894958,0.1863819307721703,Vacant
54,2016,0,722128,West Virginia,886710,0.18560972584046645,Occupied
54,2016,1,164582,West Virginia,886710,0.18560972584046645,Vacant
55,2018,1,338755,Wisconsin,2710718,0.12496873522070537,Vacant
55,2018,0,2371963,Wisconsin,2710718,0.12496873522070537,Occupied
55,2019,0,2386626,Wisconsin,2725153,0.1242231170139805,Occupied
55,2017,0,2349739,Wisconsin,2694747,0.12802982988755532,Occupied
55,2017,1,345008,Wisconsin,2694747,0.12802982988755532,Vacant
55,2016,0,2326728,Wisconsin,2668173,0.12796958817887746,Occupied
55,2016,1,341445,Wisconsin,2668173,0.12796958817887746,Vacant
55,2015,0,2319499,Wisconsin,2656634,0.1269030660602853,Occupied
55,2015,1,337135,Wisconsin,2656634,0.1269030660602853,Vacant
55,2019,1,338527,Wisconsin,2725153,0.1242231170139805,Vacant
56,2018,1,48365,Wyoming,278615,0.1735907973368268,Vacant
56,2016,0,223623,Wyoming,270625,0.17367944572748267,Occupied
56,2016,1,47002,Wyoming,270625,0.17367944572748267,Vacant
56,2018,0,230250,Wyoming,278615,0.1735907973368268,Occupied
56,2015,1,40533,Wyoming,269469,0.15041804437616202,Vacant
56,2017,0,225794,Wyoming,276733,0.18407273436850682,Occupied
56,2017,1,50939,Wyoming,276733,0.18407273436850682,Vacant
56,2015,0,228936,Wyoming,269469,0.15041804437616202,Occupied
56,2019,0,233126,Wyoming,280281,0.16824187155033699,Occupied
56,2019,1,47155,Wyoming,280281,0.16824187155033699,Vacant
